po_id,part_id,supplier_id,order_date,promised_delivery_date,actual_delivery_date,order_quantity,received_quantity,unit_purchase_price,freight_mode,inspection_defect_rate,status
PO-10001,PRT-0041,SUP-OPT-02,2025-02-27,2025-04-03,2025-04-07,300,300,4.81,Ocean Freight,0.011,Delivered
PO-10002,PRT-0009,SUP-OPT-03,2026-01-13,2026-02-03,2026-02-02,250,250,4.06,Road Logistics,0.0005,Delivered
PO-10003,PRT-0006,SUP-OPT-01,2025-10-30,2025-12-09,2025-12-15,1200,1200,5.23,Ocean Freight,0.0002,Delivered
PO-10004,PRT-0015,SUP-OPT-02,2025-09-16,2025-10-21,2025-10-21,2500,2500,4.2,Ocean Freight,0.0016,Delivered
PO-10005,PRT-0042,SUP-FAS-01,2025-12-26,2026-01-09,2026-01-08,20000,20000,0.55,Road Logistics,0.0056,Delivered
PO-10006,PRT-0018,SUP-FAS-01,2026-02-19,2026-03-05,2026-03-01,1500,1500,1.07,Road Logistics,0.0028,Delivered
PO-10007,PRT-0028,SUP-OPT-01,2025-06-24,2025-08-03,2025-08-09,400,400,12.03,Ocean Freight,0.0019,Delivered
PO-10008,PRT-0022,SUP-ELE-01,2025-02-22,2025-04-28,2025-04-27,500,500,16.77,Ocean Freight,0.0077,Delivered
PO-10009,PRT-0023,SUP-OPT-03,2025-11-06,2025-11-27,2025-11-25,500,500,8.41,Road Logistics,0.0098,Delivered
PO-10010,PRT-0035,SUP-ELE-04,2025-03-05,2025-05-04,2025-05-14,1500,1500,5.13,Ocean Freight,0.0165,Delivered
PO-10011,PRT-0041,SUP-OPT-02,2025-11-13,2025-12-18,2025-12-22,600,600,5.01,Ocean Freight,0.0024,Delivered
PO-10012,PRT-0003,SUP-ELE-02,2025-12-05,2026-01-19,2026-02-02,750,750,19.09,Ocean Freight,0.0278,Delivered
PO-10013,PRT-0007,SUP-FAS-01,2025-07-14,2025-07-28,2025-07-29,3000,3000,1.29,Road Logistics,0.0008,Delivered
PO-10014,PRT-0011,SUP-MEC-03,2025-07-09,2025-08-06,2025-07-30,500,500,11.02,Road Logistics,0.0093,Delivered
PO-10015,PRT-0044,SUP-MEC-04,2025-11-28,2026-01-09,2026-01-15,250,250,3.12,Ocean Freight,0.0106,Delivered
PO-10016,PRT-0047,SUP-ELE-03,2025-05-06,2025-06-05,2025-06-18,750,750,7.48,Road Logistics,0.0124,Delivered
PO-10017,PRT-0041,SUP-OPT-02,2025-12-19,2026-01-23,2026-01-23,1500,1500,4.85,Ocean Freight,0.0188,Delivered
PO-10018,PRT-0050,SUP-OPT-01,2026-02-02,2026-03-14,2026-03-18,250,250,6.93,Ocean Freight,0.0028,Delivered
PO-10019,PRT-0021,SUP-ELE-02,2025-07-25,2025-09-08,2025-09-03,600,600,28.66,Ocean Freight,0.0197,Delivered
PO-10020,PRT-0037,SUP-OPT-01,2026-03-25,2026-05-04,2026-05-04,600,600,6.83,Ocean Freight,0.0103,Delivered
PO-10021,PRT-0042,SUP-FAS-01,2025-08-23,2025-09-06,2025-09-05,6000,6000,0.54,Road Logistics,0.0064,Delivered
PO-10022,PRT-0036,SUP-FAS-01,2025-10-03,2025-10-17,2025-10-15,3000,3000,1.8,Road Logistics,0.0003,Delivered
PO-10023,PRT-0038,SUP-MEC-03,2025-07-24,2025-08-21,2025-08-29,800,800,9.87,Road Logistics,0.0128,Delivered
PO-10024,PRT-0033,SUP-ELE-02,2025-09-10,2025-10-25,2025-10-21,300,300,15.35,Ocean Freight,0.0227,Delivered
PO-10025,PRT-0010,SUP-ELE-04,2025-11-18,2026-01-17,2026-02-05,750,750,3.09,Air Expedited,0.0417,Delivered
PO-10026,PRT-0025,SUP-OPT-02,2025-11-02,2025-12-07,2025-12-10,1200,1200,5.03,Ocean Freight,0.0033,Delivered
PO-10027,PRT-0001,SUP-MEC-01,2025-12-15,2026-01-19,2026-01-19,200,200,24.7,Road Logistics,0.0207,Delivered
PO-10028,PRT-0018,SUP-FAS-01,2026-01-29,2026-02-12,2026-02-07,3000,3000,1.1,Road Logistics,0.0011,Delivered
PO-10029,PRT-0030,SUP-ELE-02,2025-01-02,2025-02-16,2025-02-18,800,700,15.29,Ocean Freight,0.0059,Delivered
PO-10030,PRT-0007,SUP-FAS-01,2026-03-22,2026-04-05,2026-04-04,3000,3000,1.26,Road Logistics,0.0269,Delivered
PO-10031,PRT-0013,SUP-ELE-03,2025-03-20,2025-04-19,2025-04-07,1200,1200,8.47,Road Logistics,0.0028,Delivered
PO-10032,PRT-0050,SUP-OPT-01,2026-04-18,2026-05-28,2026-05-28,1250,1194,7.23,Ocean Freight,0.0004,Delivered
PO-10033,PRT-0008,SUP-FAS-01,2026-04-21,2026-05-05,2026-05-03,4000,4000,1.66,Road Logistics,0.0013,Delivered
PO-10034,PRT-0020,SUP-MEC-02,2025-05-03,2025-06-22,2025-07-03,200,200,14.66,Ocean Freight,0.0334,Delivered
PO-10035,PRT-0006,SUP-OPT-01,2025-02-13,2025-03-25,2025-03-31,1200,1200,5.66,Ocean Freight,0.009,Delivered
PO-10036,PRT-0035,SUP-ELE-04,2026-01-28,2026-03-29,2026-04-09,750,750,5.21,Ocean Freight,0.0186,Delivered
PO-10037,PRT-0036,SUP-FAS-01,2025-03-26,2025-04-09,2025-04-04,3000,3000,1.83,Road Logistics,0.0085,Delivered
PO-10038,PRT-0014,SUP-ELE-01,2026-04-21,2026-06-25,2026-06-20,4000,4000,6.95,Ocean Freight,0.0197,Delivered
PO-10039,PRT-0046,SUP-OPT-03,2025-06-09,2025-06-30,2025-06-27,1050,908,5.9,Road Logistics,0.0218,Delivered
PO-10040,PRT-0034,SUP-MEC-01,2025-08-20,2025-09-24,2025-10-01,200,200,13.13,Road Logistics,0.0034,Delivered
PO-10041,PRT-0002,SUP-MEC-03,2025-10-29,2025-11-26,2025-12-13,1500,1500,7.64,Road Logistics,0.0189,Delivered
PO-10042,PRT-0005,SUP-ELE-01,2025-12-29,2026-03-04,2026-03-12,1000,1000,13.02,Ocean Freight,0.0174,Delivered
PO-10043,PRT-0022,SUP-ELE-01,2025-02-06,2025-04-12,2025-04-09,2500,2500,17.24,Ocean Freight,0.0014,Delivered
PO-10044,PRT-0014,SUP-ELE-01,2025-10-04,2025-12-08,2025-12-14,1200,1200,7.07,Ocean Freight,0.0,Delivered
PO-10045,PRT-0037,SUP-OPT-01,2025-08-31,2025-10-10,2025-10-17,450,450,7.02,Ocean Freight,0.0084,Delivered
PO-10046,PRT-0013,SUP-ELE-03,2025-02-18,2025-03-20,2025-03-17,600,600,8.33,Road Logistics,0.0031,Delivered
PO-10047,PRT-0027,SUP-MEC-04,2025-08-28,2025-10-09,2025-10-19,150,150,20.34,Ocean Freight,0.026,Delivered
PO-10048,PRT-0007,SUP-FAS-01,2025-02-01,2025-02-15,2025-02-14,4500,4500,1.29,Road Logistics,0.0024,Delivered
PO-10049,PRT-0007,SUP-FAS-01,2025-05-08,2025-05-22,2025-05-20,2250,2250,1.25,Road Logistics,0.0103,Delivered
PO-10050,PRT-0028,SUP-OPT-01,2025-04-04,2025-05-14,2025-05-14,400,400,11.95,Ocean Freight,0.002,Delivered
PO-10051,PRT-0005,SUP-ELE-01,2025-08-15,2025-10-19,2025-10-31,5000,5000,12.73,Ocean Freight,0.0087,Delivered
PO-10052,PRT-0035,SUP-ELE-04,2026-03-05,2026-05-04,2026-05-21,500,446,5.39,Air Expedited,0.0251,Delivered
PO-10053,PRT-0032,SUP-ELE-01,2025-09-04,2025-11-08,2025-11-13,900,900,10.83,Ocean Freight,0.0252,Delivered
PO-10054,PRT-0011,SUP-MEC-03,2025-07-14,2025-08-11,2025-08-08,250,206,11.54,Road Logistics,0.0167,Delivered
PO-10055,PRT-0030,SUP-ELE-02,2025-05-27,2025-07-11,2025-07-15,1200,1200,15.59,Ocean Freight,0.0108,Delivered
PO-10056,PRT-0036,SUP-FAS-01,2025-12-05,2025-12-19,2025-12-21,4500,4500,1.78,Road Logistics,0.0133,Delivered
PO-10057,PRT-0004,SUP-ELE-03,2025-10-24,2025-11-23,2025-12-01,2500,2500,4.05,Road Logistics,0.0052,Delivered
PO-10058,PRT-0004,SUP-ELE-03,2025-10-27,2025-11-26,2025-12-02,1500,1500,4.25,Road Logistics,0.0098,Delivered
PO-10059,PRT-0011,SUP-MEC-03,2025-01-30,2025-02-27,2025-03-02,1250,1250,10.94,Road Logistics,0.0076,Delivered
PO-10060,PRT-0039,SUP-ELE-03,2025-02-04,2025-03-06,2025-04-01,375,375,23.51,Road Logistics,0.0034,Delivered
PO-10061,PRT-0037,SUP-OPT-01,2025-05-07,2025-06-16,2025-06-14,1500,1500,6.91,Ocean Freight,0.001,Delivered
PO-10062,PRT-0027,SUP-MEC-04,2025-12-03,2026-01-14,2026-01-14,750,750,19.18,Ocean Freight,0.0221,Delivered
PO-10063,PRT-0017,SUP-FAS-01,2025-04-15,2025-04-29,2025-05-02,6000,6000,0.45,Road Logistics,0.0107,Delivered
PO-10064,PRT-0043,SUP-ELE-01,2025-11-27,2026-01-31,2026-02-07,1000,1000,4.28,Ocean Freight,0.0136,Delivered
PO-10065,PRT-0005,SUP-ELE-01,2025-01-05,2025-03-11,2025-02-27,3000,3000,12.63,Ocean Freight,0.0002,Delivered
PO-10066,PRT-0007,SUP-FAS-01,2025-02-07,2025-02-21,2025-02-24,7500,7500,1.23,Road Logistics,0.0014,Delivered
PO-10067,PRT-0023,SUP-OPT-03,2026-03-28,2026-04-18,2026-04-12,250,250,8.14,Road Logistics,0.0086,Delivered
PO-10068,PRT-0011,SUP-MEC-03,2025-08-13,2025-09-10,2025-09-22,1250,1250,11.37,Road Logistics,0.0027,Delivered
PO-10069,PRT-0042,SUP-FAS-01,2025-09-28,2025-10-12,2025-10-12,4000,4000,0.56,Road Logistics,0.005,Delivered
PO-10070,PRT-0043,SUP-ELE-01,2025-02-23,2025-04-29,2025-04-03,750,750,4.26,Ocean Freight,0.0017,Delivered
PO-10071,PRT-0048,SUP-MEC-03,2025-10-11,2025-11-08,2025-11-20,1500,1500,1.42,Road Logistics,0.003,Delivered
PO-10072,PRT-0046,SUP-OPT-03,2025-06-25,2025-07-16,2025-07-14,525,525,6.12,Road Logistics,0.0056,Delivered
PO-10073,PRT-0033,SUP-ELE-02,2025-09-08,2025-10-23,2025-11-04,600,582,14.33,Ocean Freight,0.0006,Delivered
PO-10074,PRT-0028,SUP-OPT-01,2026-03-01,2026-04-10,2026-04-10,400,400,11.39,Ocean Freight,0.0274,Delivered
PO-10075,PRT-0009,SUP-OPT-03,2025-11-23,2025-12-14,2025-12-19,500,500,3.9,Road Logistics,0.0048,Delivered
PO-10076,PRT-0046,SUP-OPT-03,2025-08-07,2025-08-28,2025-08-28,1750,1750,5.7,Road Logistics,0.0276,Delivered
PO-10077,PRT-0045,SUP-FAS-01,2026-04-08,2026-04-22,2026-04-21,3000,3000,0.88,Road Logistics,0.0162,Delivered
PO-10078,PRT-0038,SUP-MEC-03,2025-10-10,2025-11-07,2025-11-07,600,600,9.06,Road Logistics,0.0326,Delivered
PO-10079,PRT-0024,SUP-FAS-01,2026-04-06,2026-04-20,2026-04-16,1000,932,2.36,Road Logistics,0.0121,Delivered
PO-10080,PRT-0007,SUP-FAS-01,2025-07-01,2025-07-15,2025-07-13,7500,7082,1.27,Road Logistics,0.0038,Delivered
PO-10081,PRT-0010,SUP-ELE-04,2026-04-19,2026-06-18,,750,0,3.25,Ocean Freight,0.0275,In Transit
PO-10082,PRT-0027,SUP-MEC-04,2025-01-13,2025-02-24,2025-02-25,225,225,19.2,Ocean Freight,0.0441,Delivered
PO-10083,PRT-0027,SUP-MEC-04,2026-02-15,2026-03-29,2026-04-04,225,225,20.0,Ocean Freight,0.0117,Delivered
PO-10084,PRT-0007,SUP-FAS-01,2025-07-15,2025-07-29,2025-07-30,1500,1500,1.23,Road Logistics,0.0026,Delivered
PO-10085,PRT-0030,SUP-ELE-02,2025-06-29,2025-08-13,2025-08-06,800,800,15.78,Ocean Freight,0.0138,Delivered
PO-10086,PRT-0015,SUP-OPT-02,2025-01-13,2025-02-17,2025-02-19,750,750,4.24,Ocean Freight,0.005,Delivered
PO-10087,PRT-0005,SUP-ELE-01,2026-01-31,2026-04-06,2026-04-17,2000,2000,12.57,Ocean Freight,0.0012,Delivered
PO-10088,PRT-0044,SUP-MEC-04,2026-03-08,2026-04-19,2026-05-01,1250,1250,3.08,Ocean Freight,0.0217,Delivered
PO-10089,PRT-0017,SUP-FAS-01,2025-04-02,2025-04-16,2025-04-13,15000,12398,0.44,Road Logistics,0.0007,Delivered
PO-10090,PRT-0028,SUP-OPT-01,2025-06-26,2025-08-05,2025-07-30,400,400,12.06,Ocean Freight,0.0157,Delivered
PO-10091,PRT-0008,SUP-FAS-01,2025-07-17,2025-07-31,2025-07-28,10000,10000,1.54,Road Logistics,0.0126,Delivered
PO-10092,PRT-0028,SUP-OPT-01,2025-01-01,2025-02-10,2025-02-13,1000,952,11.78,Ocean Freight,0.001,Delivered
PO-10093,PRT-0048,SUP-MEC-03,2026-01-13,2026-02-10,2026-02-12,1500,1500,1.35,Road Logistics,0.0108,Delivered
PO-10094,PRT-0043,SUP-ELE-01,2026-04-17,2026-06-21,,1000,0,4.18,Ocean Freight,0.0304,In Transit
PO-10095,PRT-0008,SUP-FAS-01,2026-01-04,2026-01-18,2026-01-14,4000,4000,1.63,Road Logistics,0.0021,Delivered
PO-10096,PRT-0021,SUP-ELE-02,2025-07-26,2025-09-09,2025-09-21,600,600,26.87,Ocean Freight,0.0006,Delivered
PO-10097,PRT-0043,SUP-ELE-01,2026-04-27,2026-07-01,,1500,0,4.27,Ocean Freight,0.0086,In Transit
PO-10098,PRT-0040,SUP-MEC-03,2025-10-19,2025-11-16,2025-11-29,400,400,16.46,Road Logistics,0.0324,Delivered
PO-10099,PRT-0020,SUP-MEC-02,2025-05-27,2025-07-16,2025-08-02,300,300,14.68,Ocean Freight,0.0072,Delivered
PO-10100,PRT-0030,SUP-ELE-02,2025-08-15,2025-09-29,2025-09-20,1200,1200,15.29,Ocean Freight,0.0087,Delivered
PO-10101,PRT-0048,SUP-MEC-03,2025-03-28,2025-04-25,2025-04-29,1000,1000,1.43,Road Logistics,0.0059,Delivered
PO-10102,PRT-0040,SUP-MEC-03,2025-06-21,2025-07-19,2025-07-13,200,200,16.34,Road Logistics,0.0608,Delivered
PO-10103,PRT-0044,SUP-MEC-04,2025-06-08,2025-07-20,2025-07-22,375,375,3.11,Ocean Freight,0.0462,Delivered
PO-10104,PRT-0003,SUP-ELE-02,2025-05-06,2025-06-20,2025-07-05,1500,1500,18.73,Ocean Freight,0.0027,Delivered
PO-10105,PRT-0041,SUP-OPT-02,2025-10-22,2025-11-26,2025-11-28,450,450,4.87,Ocean Freight,0.0246,Delivered
PO-10106,PRT-0026,SUP-MEC-01,2025-05-05,2025-06-09,2025-06-15,3000,3000,1.1,Road Logistics,0.003,Delivered
PO-10107,PRT-0049,SUP-FAS-01,2026-03-17,2026-03-31,2026-03-27,300,300,6.37,Road Logistics,0.0095,Delivered
PO-10108,PRT-0045,SUP-FAS-01,2025-09-23,2025-10-07,2025-10-06,6000,6000,0.84,Road Logistics,0.0137,Delivered
PO-10109,PRT-0008,SUP-FAS-01,2025-08-22,2025-09-05,2025-09-06,3000,3000,1.63,Road Logistics,0.0042,Delivered
PO-10110,PRT-0036,SUP-FAS-01,2025-11-01,2025-11-15,2025-11-17,3000,2920,1.83,Road Logistics,0.0018,Delivered
PO-10111,PRT-0047,SUP-ELE-03,2026-04-02,2026-05-02,2026-04-22,2500,2500,7.92,Road Logistics,0.0042,Delivered
PO-10112,PRT-0029,SUP-MEC-01,2026-04-05,2026-05-10,2026-05-13,225,225,16.34,Road Logistics,0.0631,Delivered
PO-10113,PRT-0017,SUP-FAS-01,2026-01-20,2026-02-03,2026-01-28,4500,4500,0.44,Road Logistics,0.0051,Delivered
PO-10114,PRT-0050,SUP-OPT-01,2025-09-24,2025-11-03,2025-10-26,750,750,7.09,Ocean Freight,0.0084,Delivered
PO-10115,PRT-0005,SUP-ELE-01,2026-01-01,2026-03-07,2026-03-14,2000,2000,12.38,Ocean Freight,0.0018,Delivered
PO-10116,PRT-0035,SUP-ELE-04,2025-02-11,2025-04-12,2025-04-22,750,750,5.17,Ocean Freight,0.0804,Delivered
PO-10117,PRT-0010,SUP-ELE-04,2025-12-28,2026-02-26,2026-03-04,750,750,3.09,Ocean Freight,0.0298,Delivered
PO-10118,PRT-0035,SUP-ELE-04,2025-08-27,2025-10-26,2025-11-05,1500,1500,5.38,Ocean Freight,0.0161,Delivered
PO-10119,PRT-0025,SUP-OPT-02,2026-04-09,2026-05-14,2026-05-07,2000,1842,4.99,Ocean Freight,0.0003,Delivered
PO-10120,PRT-0037,SUP-OPT-01,2025-07-14,2025-08-23,2025-08-28,900,900,6.74,Ocean Freight,0.0158,Delivered
PO-10121,PRT-0049,SUP-FAS-01,2025-07-19,2025-08-02,2025-07-30,900,900,6.67,Road Logistics,0.0018,Delivered
PO-10122,PRT-0039,SUP-ELE-03,2026-04-05,2026-05-05,2026-04-29,375,375,22.15,Road Logistics,0.0085,Delivered
PO-10123,PRT-0032,SUP-ELE-01,2025-01-15,2025-03-21,2025-03-05,1800,1800,10.62,Ocean Freight,0.0003,Delivered
PO-10124,PRT-0026,SUP-MEC-01,2026-01-06,2026-02-10,2026-02-06,3000,3000,1.2,Road Logistics,0.0982,Delivered
PO-10125,PRT-0040,SUP-MEC-03,2025-10-01,2025-10-29,2025-10-21,200,191,16.21,Road Logistics,0.0201,Delivered
PO-10126,PRT-0006,SUP-OPT-01,2025-11-26,2026-01-05,2026-01-05,1200,1200,5.41,Ocean Freight,0.0021,Delivered
PO-10127,PRT-0004,SUP-ELE-03,2025-05-14,2025-06-13,2025-06-15,1500,1500,4.1,Road Logistics,0.0068,Delivered
PO-10128,PRT-0022,SUP-ELE-01,2026-01-25,2026-03-31,2026-04-09,1500,1500,17.67,Ocean Freight,0.0006,Delivered
PO-10129,PRT-0027,SUP-MEC-04,2025-05-10,2025-06-21,2025-07-01,150,150,19.93,Ocean Freight,0.0054,Delivered
PO-10130,PRT-0004,SUP-ELE-03,2025-06-29,2025-07-29,2025-08-12,750,750,4.22,Road Logistics,0.0031,Delivered
PO-10131,PRT-0042,SUP-FAS-01,2025-01-21,2025-02-04,2025-01-30,4000,3727,0.53,Road Logistics,0.0009,Delivered
PO-10132,PRT-0010,SUP-ELE-04,2025-05-03,2025-07-02,2025-07-07,750,750,3.01,Ocean Freight,0.0311,Delivered
PO-10133,PRT-0014,SUP-ELE-01,2025-08-27,2025-10-31,2025-10-30,1600,1600,6.63,Ocean Freight,0.0009,Delivered
PO-10134,PRT-0039,SUP-ELE-03,2026-01-18,2026-02-17,2026-03-01,250,250,21.93,Road Logistics,0.001,Delivered
PO-10135,PRT-0020,SUP-MEC-02,2025-02-25,2025-04-16,2025-04-19,1000,1000,14.33,Ocean Freight,0.0084,Delivered
PO-10136,PRT-0044,SUP-MEC-04,2026-04-10,2026-05-22,2026-05-27,750,750,3.28,Ocean Freight,0.0273,Delivered
PO-10137,PRT-0005,SUP-ELE-01,2025-10-31,2026-01-04,2026-01-01,1500,1500,12.87,Ocean Freight,0.0032,Delivered
PO-10138,PRT-0044,SUP-MEC-04,2025-11-04,2025-12-16,2025-12-04,250,250,3.23,Ocean Freight,0.023,Delivered
PO-10139,PRT-0003,SUP-ELE-02,2025-06-27,2025-08-11,2025-08-14,2500,2500,18.08,Ocean Freight,0.0071,Delivered
PO-10140,PRT-0033,SUP-ELE-02,2025-11-28,2026-01-12,2026-01-08,600,600,14.77,Ocean Freight,0.0006,Delivered
PO-10141,PRT-0032,SUP-ELE-01,2025-02-24,2025-04-30,2025-05-13,1800,1554,10.76,Ocean Freight,0.0026,Delivered
PO-10142,PRT-0028,SUP-OPT-01,2025-04-01,2025-05-11,2025-05-13,1000,827,11.88,Ocean Freight,0.0047,Delivered
PO-10143,PRT-0035,SUP-ELE-04,2026-02-01,2026-04-02,2026-04-18,1500,1500,5.38,Ocean Freight,0.0336,Delivered
PO-10144,PRT-0021,SUP-ELE-02,2026-03-13,2026-04-27,2026-05-01,450,450,26.61,Ocean Freight,0.0005,Delivered
PO-10145,PRT-0029,SUP-MEC-01,2025-05-05,2025-06-09,2025-06-20,450,450,16.63,Road Logistics,0.0231,Delivered
PO-10146,PRT-0022,SUP-ELE-01,2025-01-15,2025-03-21,2025-03-28,1500,1500,16.5,Ocean Freight,0.0094,Delivered
PO-10147,PRT-0014,SUP-ELE-01,2025-07-01,2025-09-04,2025-09-15,1600,1600,7.07,Ocean Freight,0.0043,Delivered
PO-10148,PRT-0045,SUP-FAS-01,2026-03-27,2026-04-10,2026-04-03,4000,4000,0.86,Road Logistics,0.0057,Delivered
PO-10149,PRT-0013,SUP-ELE-03,2025-02-13,2025-03-15,2025-03-21,900,900,8.43,Road Logistics,0.0019,Delivered
PO-10150,PRT-0049,SUP-FAS-01,2025-05-04,2025-05-18,2025-05-19,900,900,6.53,Road Logistics,0.0238,Delivered
PO-10151,PRT-0002,SUP-MEC-03,2025-02-17,2025-03-17,2025-03-10,600,600,7.97,Road Logistics,0.0376,Delivered
PO-10152,PRT-0020,SUP-MEC-02,2025-12-06,2026-01-25,2026-02-05,1000,1000,14.64,Ocean Freight,0.0188,Delivered
PO-10153,PRT-0023,SUP-OPT-03,2025-08-06,2025-08-27,2025-08-30,1250,1250,8.39,Road Logistics,0.0003,Delivered
PO-10154,PRT-0018,SUP-FAS-01,2025-06-06,2025-06-20,2025-06-20,3000,3000,1.13,Road Logistics,0.0034,Delivered
PO-10155,PRT-0021,SUP-ELE-02,2025-03-03,2025-04-17,2025-04-18,1500,1442,26.87,Ocean Freight,0.0144,Delivered
PO-10156,PRT-0048,SUP-MEC-03,2025-09-05,2025-10-03,2025-10-10,2000,2000,1.47,Road Logistics,0.0052,Delivered
PO-10157,PRT-0034,SUP-MEC-01,2025-11-02,2025-12-07,2025-12-15,400,353,13.42,Road Logistics,0.0085,Delivered
PO-10158,PRT-0024,SUP-FAS-01,2025-04-02,2025-04-16,2025-04-10,2000,2000,2.42,Road Logistics,0.0045,Delivered
PO-10159,PRT-0018,SUP-FAS-01,2025-01-24,2025-02-07,2025-02-06,1500,1500,1.13,Road Logistics,0.0065,Delivered
PO-10160,PRT-0009,SUP-OPT-03,2025-11-23,2025-12-14,2025-12-14,750,750,3.75,Road Logistics,0.0092,Delivered
PO-10161,PRT-0019,SUP-MEC-03,2025-08-29,2025-09-26,2025-09-23,450,450,32.03,Road Logistics,0.0288,Delivered
PO-10162,PRT-0004,SUP-ELE-03,2025-05-10,2025-06-09,2025-07-01,1500,1500,3.96,Road Logistics,0.0224,Delivered
PO-10163,PRT-0032,SUP-ELE-01,2025-02-07,2025-04-13,2025-04-24,3000,3000,10.03,Ocean Freight,0.0272,Delivered
PO-10164,PRT-0010,SUP-ELE-04,2026-02-20,2026-04-21,2026-05-06,2500,2312,3.05,Ocean Freight,0.0382,Delivered
PO-10165,PRT-0027,SUP-MEC-04,2025-11-07,2025-12-19,2025-12-17,750,750,19.02,Ocean Freight,0.002,Delivered
PO-10166,PRT-0034,SUP-MEC-01,2025-07-14,2025-08-18,2025-08-24,600,562,13.78,Road Logistics,0.0098,Delivered
PO-10167,PRT-0028,SUP-OPT-01,2025-06-06,2025-07-16,2025-07-15,1000,1000,11.67,Ocean Freight,0.0059,Delivered
PO-10168,PRT-0048,SUP-MEC-03,2025-02-20,2025-03-20,2025-03-21,1500,1500,1.38,Road Logistics,0.0329,Delivered
PO-10169,PRT-0006,SUP-OPT-01,2025-03-22,2025-05-01,2025-05-03,600,600,5.22,Ocean Freight,0.0014,Delivered
PO-10170,PRT-0001,SUP-MEC-01,2025-07-29,2025-09-02,2025-09-03,600,600,24.56,Road Logistics,0.0876,Delivered
PO-10171,PRT-0003,SUP-ELE-02,2025-04-29,2025-06-13,2025-06-18,1000,1000,18.62,Ocean Freight,0.0019,Delivered
PO-10172,PRT-0030,SUP-ELE-02,2025-02-06,2025-03-23,2025-03-26,600,580,15.45,Ocean Freight,0.0073,Delivered
PO-10173,PRT-0043,SUP-ELE-01,2026-02-16,2026-04-22,2026-04-23,750,750,4.14,Ocean Freight,0.0054,Delivered
PO-10174,PRT-0042,SUP-FAS-01,2025-03-18,2025-04-01,2025-04-03,8000,8000,0.53,Road Logistics,0.0017,Delivered
PO-10175,PRT-0011,SUP-MEC-03,2026-02-10,2026-03-10,2026-03-04,500,500,11.58,Road Logistics,0.0076,Delivered
PO-10176,PRT-0019,SUP-MEC-03,2025-08-13,2025-09-10,2025-09-12,150,150,32.39,Road Logistics,0.03,Delivered
PO-10177,PRT-0026,SUP-MEC-01,2026-04-28,2026-06-02,2026-06-08,4000,4000,1.16,Road Logistics,0.0046,Delivered
PO-10178,PRT-0006,SUP-OPT-01,2025-11-03,2025-12-13,2025-12-12,400,385,5.48,Ocean Freight,0.009,Delivered
PO-10179,PRT-0002,SUP-MEC-03,2025-02-16,2025-03-16,2025-03-17,450,397,7.89,Road Logistics,0.028,Delivered
PO-10180,PRT-0002,SUP-MEC-03,2026-01-27,2026-02-24,2026-02-20,600,600,8.02,Road Logistics,0.0336,Delivered
PO-10181,PRT-0012,SUP-MEC-03,2025-08-29,2025-09-26,2025-10-09,1500,1500,5.84,Road Logistics,0.0087,Delivered
PO-10182,PRT-0012,SUP-MEC-03,2025-10-27,2025-11-24,2025-11-17,900,900,5.62,Road Logistics,0.0236,Delivered
PO-10183,PRT-0006,SUP-OPT-01,2025-08-29,2025-10-08,2025-09-29,800,800,5.34,Ocean Freight,0.0027,Delivered
PO-10184,PRT-0007,SUP-FAS-01,2026-03-16,2026-03-30,2026-03-28,2250,2250,1.28,Road Logistics,0.0038,Delivered
PO-10185,PRT-0019,SUP-MEC-03,2025-12-06,2026-01-03,2026-01-09,450,450,33.11,Road Logistics,0.0196,Delivered
PO-10186,PRT-0030,SUP-ELE-02,2025-02-15,2025-04-01,2025-03-31,800,800,14.75,Ocean Freight,0.0002,Delivered
PO-10187,PRT-0050,SUP-OPT-01,2025-07-26,2025-09-04,2025-09-05,1250,1250,6.91,Ocean Freight,0.0029,Delivered
PO-10188,PRT-0035,SUP-ELE-04,2025-08-25,2025-10-24,2025-11-13,1500,1500,5.23,Ocean Freight,0.0443,Delivered
PO-10189,PRT-0032,SUP-ELE-01,2025-11-17,2026-01-21,2026-02-08,1800,1800,10.17,Ocean Freight,0.0016,Delivered
PO-10190,PRT-0019,SUP-MEC-03,2025-08-13,2025-09-10,2025-09-17,450,450,34.36,Road Logistics,0.0087,Delivered
PO-10191,PRT-0039,SUP-ELE-03,2026-02-14,2026-03-16,2026-03-23,375,375,22.23,Road Logistics,0.0025,Delivered
PO-10192,PRT-0001,SUP-MEC-01,2025-10-10,2025-11-14,2025-11-10,600,600,25.71,Road Logistics,0.0031,Delivered
PO-10193,PRT-0008,SUP-FAS-01,2025-08-25,2025-09-08,2025-09-02,2000,2000,1.56,Road Logistics,0.0089,Delivered
PO-10194,PRT-0046,SUP-OPT-03,2025-05-30,2025-06-20,2025-06-21,1750,1750,5.88,Road Logistics,0.0003,Delivered
PO-10195,PRT-0031,SUP-OPT-01,2025-08-30,2025-10-09,2025-10-03,525,525,6.03,Ocean Freight,0.0067,Delivered
PO-10196,PRT-0013,SUP-ELE-03,2026-04-17,2026-05-17,2026-05-31,3000,3000,8.73,Road Logistics,0.0009,Delivered
PO-10197,PRT-0005,SUP-ELE-01,2025-05-22,2025-07-26,2025-07-26,3000,3000,12.89,Ocean Freight,0.0111,Delivered
PO-10198,PRT-0018,SUP-FAS-01,2026-02-25,2026-03-11,2026-03-08,1500,1500,1.09,Road Logistics,0.0146,Delivered
PO-10199,PRT-0038,SUP-MEC-03,2025-10-24,2025-11-21,2025-11-29,1200,1200,9.4,Road Logistics,0.008,Delivered
PO-10200,PRT-0031,SUP-OPT-01,2025-06-26,2025-08-05,2025-08-05,700,700,6.26,Ocean Freight,0.0016,Delivered
PO-10201,PRT-0030,SUP-ELE-02,2026-04-23,2026-06-07,2026-06-14,800,800,15.93,Ocean Freight,0.0128,Delivered
PO-10202,PRT-0016,SUP-ELE-03,2025-10-20,2025-11-19,2025-12-02,7500,7500,0.67,Road Logistics,0.0023,Delivered
PO-10203,PRT-0003,SUP-ELE-02,2025-06-12,2025-07-27,2025-08-03,1500,1500,18.8,Ocean Freight,0.0016,Delivered
PO-10204,PRT-0025,SUP-OPT-02,2025-12-06,2026-01-10,2026-01-08,600,600,4.62,Ocean Freight,0.0192,Delivered
PO-10205,PRT-0033,SUP-ELE-02,2025-10-30,2025-12-14,2025-12-17,600,600,15.37,Ocean Freight,0.0153,Delivered
PO-10206,PRT-0029,SUP-MEC-01,2025-02-21,2025-03-28,2025-04-05,750,690,15.86,Road Logistics,0.0117,Delivered
PO-10207,PRT-0042,SUP-FAS-01,2025-03-21,2025-04-04,2025-04-04,4000,4000,0.58,Road Logistics,0.0007,Delivered
PO-10208,PRT-0022,SUP-ELE-01,2025-11-16,2026-01-20,2026-02-04,1500,1500,17.52,Ocean Freight,0.0005,Delivered
PO-10209,PRT-0035,SUP-ELE-04,2025-07-14,2025-09-12,2025-09-05,1000,1000,5.41,Ocean Freight,0.0984,Delivered
PO-10210,PRT-0032,SUP-ELE-01,2026-03-23,2026-05-27,2026-05-31,3000,3000,10.05,Ocean Freight,0.0208,Delivered
PO-10211,PRT-0041,SUP-OPT-02,2025-12-17,2026-01-21,2026-01-21,600,524,4.9,Ocean Freight,0.0048,Delivered
PO-10212,PRT-0007,SUP-FAS-01,2026-01-25,2026-02-08,2026-02-05,1500,1500,1.28,Road Logistics,0.004,Delivered
PO-10213,PRT-0002,SUP-MEC-03,2025-01-24,2025-02-21,2025-02-20,600,600,7.69,Road Logistics,0.0142,Delivered
PO-10214,PRT-0024,SUP-FAS-01,2025-08-09,2025-08-23,2025-08-19,1500,1500,2.39,Road Logistics,0.0004,Delivered
PO-10215,PRT-0044,SUP-MEC-04,2026-02-10,2026-03-24,2026-03-21,375,375,3.09,Ocean Freight,0.0367,Delivered
PO-10216,PRT-0025,SUP-OPT-02,2025-11-14,2025-12-19,2025-12-17,600,600,4.86,Ocean Freight,0.0368,Delivered
PO-10217,PRT-0015,SUP-OPT-02,2025-08-25,2025-09-29,2025-10-02,1000,1000,4.39,Ocean Freight,0.0074,Delivered
PO-10218,PRT-0030,SUP-ELE-02,2026-04-07,2026-05-22,2026-05-20,800,800,14.81,Ocean Freight,0.0022,Delivered
PO-10219,PRT-0029,SUP-MEC-01,2026-04-29,2026-06-03,2026-06-01,300,248,17.06,Road Logistics,0.0428,Delivered
PO-10220,PRT-0045,SUP-FAS-01,2025-05-09,2025-05-23,2025-05-19,6000,6000,0.83,Road Logistics,0.0096,Delivered
PO-10221,PRT-0025,SUP-OPT-02,2026-03-13,2026-04-17,2026-04-17,1200,1200,4.77,Ocean Freight,0.0017,Delivered
PO-10222,PRT-0023,SUP-OPT-03,2025-10-22,2025-11-12,2025-11-16,500,414,8.59,Road Logistics,0.0008,Delivered
PO-10223,PRT-0043,SUP-ELE-01,2025-07-22,2025-09-25,2025-10-04,1000,1000,4.26,Ocean Freight,0.0172,Delivered
PO-10224,PRT-0050,SUP-OPT-01,2026-01-17,2026-02-26,2026-03-02,250,241,7.45,Ocean Freight,0.0009,Delivered
PO-10225,PRT-0019,SUP-MEC-03,2026-02-02,2026-03-02,2026-02-24,225,225,32.53,Road Logistics,0.013,Delivered
PO-10226,PRT-0041,SUP-OPT-02,2025-04-08,2025-05-13,2025-05-13,1500,1500,5.04,Ocean Freight,0.0154,Delivered
PO-10227,PRT-0050,SUP-OPT-01,2025-12-04,2026-01-13,2026-01-23,375,375,7.5,Ocean Freight,0.015,Delivered
PO-10228,PRT-0042,SUP-FAS-01,2025-01-21,2025-02-04,2025-02-04,8000,8000,0.53,Road Logistics,0.0022,Delivered
PO-10229,PRT-0024,SUP-FAS-01,2026-01-10,2026-01-24,2026-01-24,1500,1500,2.37,Road Logistics,0.0142,Delivered
PO-10230,PRT-0048,SUP-MEC-03,2025-08-01,2025-08-29,2025-09-05,1500,1500,1.44,Road Logistics,0.0225,Delivered
PO-10231,PRT-0024,SUP-FAS-01,2025-09-29,2025-10-13,2025-10-15,5000,4849,2.36,Road Logistics,0.0015,Delivered
PO-10232,PRT-0031,SUP-OPT-01,2026-02-17,2026-03-29,2026-03-26,700,700,6.14,Ocean Freight,0.0014,Delivered
PO-10233,PRT-0008,SUP-FAS-01,2025-08-28,2025-09-11,2025-09-11,2000,2000,1.68,Road Logistics,0.0,Delivered
PO-10234,PRT-0044,SUP-MEC-04,2026-01-06,2026-02-17,2026-02-12,750,660,3.18,Ocean Freight,0.003,Delivered
PO-10235,PRT-0026,SUP-MEC-01,2025-01-08,2025-02-12,2025-02-12,4000,4000,1.15,Road Logistics,0.0188,Delivered
PO-10236,PRT-0044,SUP-MEC-04,2026-01-19,2026-03-02,2026-03-06,500,500,3.31,Ocean Freight,0.0267,Delivered
PO-10237,PRT-0024,SUP-FAS-01,2025-02-25,2025-03-11,2025-03-08,1500,1500,2.44,Road Logistics,0.0029,Delivered
PO-10238,PRT-0036,SUP-FAS-01,2025-06-17,2025-07-01,2025-06-30,7500,7500,1.74,Road Logistics,0.0038,Delivered
PO-10239,PRT-0030,SUP-ELE-02,2026-04-11,2026-05-26,2026-05-24,800,800,14.75,Ocean Freight,0.0113,Delivered
PO-10240,PRT-0003,SUP-ELE-02,2026-04-30,2026-06-14,,500,0,18.28,Air Expedited,0.0096,In Transit
PO-10241,PRT-0035,SUP-ELE-04,2025-03-11,2025-05-10,2025-05-07,1500,1500,5.31,Ocean Freight,0.0031,Delivered
PO-10242,PRT-0048,SUP-MEC-03,2025-12-23,2026-01-20,2026-01-28,5000,5000,1.44,Road Logistics,0.0218,Delivered
PO-10243,PRT-0010,SUP-ELE-04,2026-03-30,2026-05-29,2026-06-14,1500,1500,3.21,Ocean Freight,0.0454,Delivered
PO-10244,PRT-0018,SUP-FAS-01,2025-01-17,2025-01-31,2025-02-03,3000,3000,1.1,Road Logistics,0.0309,Delivered
PO-10245,PRT-0016,SUP-ELE-03,2026-03-14,2026-04-13,2026-04-17,5000,5000,0.66,Road Logistics,0.002,Delivered
PO-10246,PRT-0035,SUP-ELE-04,2026-04-07,2026-06-06,2026-06-14,1000,1000,5.12,Ocean Freight,0.0321,Delivered
PO-10247,PRT-0008,SUP-FAS-01,2026-05-01,2026-05-15,2026-05-14,6000,6000,1.57,Road Logistics,0.0117,Delivered
PO-10248,PRT-0041,SUP-OPT-02,2025-11-02,2025-12-07,2025-12-12,300,300,4.85,Ocean Freight,0.001,Delivered
PO-10249,PRT-0009,SUP-OPT-03,2026-02-07,2026-02-28,2026-03-01,1250,1250,4.04,Road Logistics,0.0123,Delivered
PO-10250,PRT-0036,SUP-FAS-01,2025-04-17,2025-05-01,2025-04-28,7500,7500,1.87,Road Logistics,0.0016,Delivered
PO-10251,PRT-0022,SUP-ELE-01,2026-02-01,2026-04-07,2026-04-12,750,750,17.13,Ocean Freight,0.0028,Delivered
PO-10252,PRT-0018,SUP-FAS-01,2026-03-16,2026-03-30,2026-03-27,2250,1921,1.14,Road Logistics,0.0001,Delivered
PO-10253,PRT-0008,SUP-FAS-01,2025-12-05,2025-12-19,2025-12-16,2000,2000,1.59,Road Logistics,0.0095,Delivered
PO-10254,PRT-0016,SUP-ELE-03,2025-10-29,2025-11-28,2025-12-11,5000,5000,0.64,Road Logistics,0.012,Delivered
PO-10255,PRT-0009,SUP-OPT-03,2026-01-15,2026-02-05,2026-02-01,750,750,4.01,Road Logistics,0.0023,Delivered
PO-10256,PRT-0031,SUP-OPT-01,2025-08-18,2025-09-27,2025-09-27,700,700,6.01,Ocean Freight,0.0089,Delivered
PO-10257,PRT-0033,SUP-ELE-02,2025-04-24,2025-06-08,2025-06-10,1500,1500,15.25,Ocean Freight,0.0033,Delivered
PO-10258,PRT-0043,SUP-ELE-01,2025-09-24,2025-11-28,2025-11-29,1000,1000,4.29,Ocean Freight,0.0003,Delivered
PO-10259,PRT-0004,SUP-ELE-03,2025-09-03,2025-10-03,2025-09-29,1500,1500,3.98,Road Logistics,0.0071,Delivered
PO-10260,PRT-0046,SUP-OPT-03,2026-04-11,2026-05-02,2026-04-30,1050,1050,5.71,Road Logistics,0.0015,Delivered
PO-10261,PRT-0039,SUP-ELE-03,2025-03-17,2025-04-16,2025-05-04,250,250,22.86,Road Logistics,0.0002,Delivered
PO-10262,PRT-0038,SUP-MEC-03,2025-10-08,2025-11-05,2025-11-07,800,800,9.53,Road Logistics,0.0081,Delivered
PO-10263,PRT-0019,SUP-MEC-03,2025-08-21,2025-09-18,2025-09-24,750,750,31.78,Road Logistics,0.0398,Delivered
PO-10264,PRT-0045,SUP-FAS-01,2025-02-28,2025-03-14,2025-03-16,10000,10000,0.83,Road Logistics,0.0049,Delivered
PO-10265,PRT-0029,SUP-MEC-01,2026-03-31,2026-05-05,2026-05-17,225,225,16.86,Road Logistics,0.0222,Delivered
PO-10266,PRT-0026,SUP-MEC-01,2025-08-01,2025-09-05,2025-09-04,2000,2000,1.14,Road Logistics,0.0126,Delivered
PO-10267,PRT-0017,SUP-FAS-01,2025-07-11,2025-07-25,2025-07-24,4500,4500,0.45,Road Logistics,0.0018,Delivered
PO-10268,PRT-0006,SUP-OPT-01,2026-03-02,2026-04-11,2026-04-10,400,400,5.23,Ocean Freight,0.0194,Delivered
PO-10269,PRT-0048,SUP-MEC-03,2025-07-10,2025-08-07,2025-08-06,1500,1500,1.42,Road Logistics,0.0625,Delivered
PO-10270,PRT-0036,SUP-FAS-01,2025-10-15,2025-10-29,2025-11-02,3000,3000,1.79,Road Logistics,0.0065,Delivered
PO-10271,PRT-0043,SUP-ELE-01,2026-04-27,2026-07-01,2026-06-29,1500,1500,4.2,Ocean Freight,0.019,Delivered
PO-10272,PRT-0019,SUP-MEC-03,2025-11-04,2025-12-02,2025-11-26,300,300,33.19,Road Logistics,0.0083,Delivered
PO-10273,PRT-0014,SUP-ELE-01,2025-03-21,2025-05-25,2025-05-24,2400,2400,6.59,Ocean Freight,0.0306,Delivered
PO-10274,PRT-0036,SUP-FAS-01,2025-07-08,2025-07-22,2025-07-20,1500,1500,1.82,Road Logistics,0.0021,Delivered
PO-10275,PRT-0028,SUP-OPT-01,2026-03-09,2026-04-18,2026-04-21,1000,881,11.68,Ocean Freight,0.0049,Delivered
PO-10276,PRT-0042,SUP-FAS-01,2025-10-13,2025-10-27,2025-10-25,4000,4000,0.56,Road Logistics,0.0313,Delivered
PO-10277,PRT-0045,SUP-FAS-01,2025-05-17,2025-05-31,2025-05-26,2000,2000,0.87,Road Logistics,0.0111,Delivered
PO-10278,PRT-0020,SUP-MEC-02,2026-04-17,2026-06-06,2026-06-10,400,400,14.16,Ocean Freight,0.0318,Delivered
PO-10279,PRT-0010,SUP-ELE-04,2025-10-17,2025-12-16,2025-12-29,1500,1500,3.18,Ocean Freight,0.0095,Delivered
PO-10280,PRT-0006,SUP-OPT-01,2026-01-18,2026-02-27,2026-02-26,2000,2000,5.39,Ocean Freight,0.0003,Delivered
PO-10281,PRT-0022,SUP-ELE-01,2025-03-22,2025-05-26,2025-05-27,1000,1000,16.72,Ocean Freight,0.0128,Delivered
PO-10282,PRT-0037,SUP-OPT-01,2025-11-02,2025-12-12,2025-12-16,300,278,6.99,Ocean Freight,0.0019,Delivered
PO-10283,PRT-0004,SUP-ELE-03,2025-12-12,2026-01-11,2026-01-16,500,500,4.18,Road Logistics,0.0063,Delivered
PO-10284,PRT-0032,SUP-ELE-01,2025-11-07,2026-01-11,2026-01-21,1800,1800,10.19,Ocean Freight,0.0032,Delivered
PO-10285,PRT-0033,SUP-ELE-02,2025-02-28,2025-04-14,2025-04-26,600,600,14.59,Ocean Freight,0.0049,Delivered
PO-10286,PRT-0044,SUP-MEC-04,2025-10-31,2025-12-12,2025-12-29,750,750,3.16,Air Expedited,0.0162,Delivered
PO-10287,PRT-0039,SUP-ELE-03,2025-01-29,2025-02-28,2025-03-11,250,250,23.51,Road Logistics,0.0278,Delivered
PO-10288,PRT-0050,SUP-OPT-01,2025-03-12,2025-04-21,2025-04-18,500,500,6.99,Ocean Freight,0.0159,Delivered
PO-10289,PRT-0032,SUP-ELE-01,2026-01-18,2026-03-24,2026-03-19,1800,1800,10.34,Ocean Freight,0.0237,Delivered
PO-10290,PRT-0046,SUP-OPT-03,2025-04-28,2025-05-19,2025-05-27,1750,1750,6.02,Road Logistics,0.0174,Delivered
PO-10291,PRT-0023,SUP-OPT-03,2025-02-06,2025-02-27,2025-02-27,750,750,7.9,Road Logistics,0.0107,Delivered
PO-10292,PRT-0002,SUP-MEC-03,2025-08-24,2025-09-21,2025-09-27,300,300,7.89,Road Logistics,0.0615,Delivered
PO-10293,PRT-0037,SUP-OPT-01,2025-07-27,2025-09-05,2025-09-05,900,900,6.78,Ocean Freight,0.0163,Delivered
PO-10294,PRT-0021,SUP-ELE-02,2025-03-29,2025-05-13,2025-05-31,1500,1500,28.11,Ocean Freight,0.0166,Delivered
PO-10295,PRT-0028,SUP-OPT-01,2026-03-09,2026-04-18,2026-04-23,200,200,11.65,Ocean Freight,0.0152,Delivered
PO-10296,PRT-0034,SUP-MEC-01,2025-02-10,2025-03-17,2025-03-17,600,600,13.97,Road Logistics,0.0455,Delivered
PO-10297,PRT-0015,SUP-OPT-02,2025-06-20,2025-07-25,2025-07-23,750,750,4.37,Ocean Freight,0.0037,Delivered
PO-10298,PRT-0034,SUP-MEC-01,2025-09-19,2025-10-24,2025-10-16,300,282,13.95,Road Logistics,0.0073,Delivered
PO-10299,PRT-0042,SUP-FAS-01,2026-02-22,2026-03-08,2026-03-11,6000,6000,0.54,Road Logistics,0.0073,Delivered
PO-10300,PRT-0013,SUP-ELE-03,2025-03-30,2025-04-29,2025-05-13,3000,3000,8.64,Road Logistics,0.0063,Delivered
PO-10301,PRT-0005,SUP-ELE-01,2025-04-01,2025-06-05,2025-05-27,3000,3000,12.63,Ocean Freight,0.0084,Delivered
PO-10302,PRT-0038,SUP-MEC-03,2025-08-18,2025-09-15,2025-09-25,2000,2000,9.86,Road Logistics,0.0272,Delivered
PO-10303,PRT-0021,SUP-ELE-02,2026-03-19,2026-05-03,2026-05-10,600,600,26.57,Ocean Freight,0.0005,Delivered
PO-10304,PRT-0029,SUP-MEC-01,2025-11-20,2025-12-25,2025-12-30,300,300,16.52,Road Logistics,0.0018,Delivered
PO-10305,PRT-0023,SUP-OPT-03,2025-09-17,2025-10-08,2025-10-09,250,250,8.21,Road Logistics,0.0027,Delivered
PO-10306,PRT-0004,SUP-ELE-03,2025-07-08,2025-08-07,2025-08-04,1000,1000,4.25,Road Logistics,0.0041,Delivered
PO-10307,PRT-0006,SUP-OPT-01,2025-11-11,2025-12-21,2025-12-23,2000,2000,5.41,Ocean Freight,0.0018,Delivered
PO-10308,PRT-0036,SUP-FAS-01,2026-02-10,2026-02-24,2026-02-21,1500,1500,1.86,Road Logistics,0.0068,Delivered
PO-10309,PRT-0042,SUP-FAS-01,2025-04-07,2025-04-21,2025-04-19,8000,8000,0.55,Road Logistics,0.0129,Delivered
PO-10310,PRT-0004,SUP-ELE-03,2025-08-19,2025-09-18,2025-09-25,500,500,4.24,Road Logistics,0.0256,Delivered
PO-10311,PRT-0046,SUP-OPT-03,2025-02-13,2025-03-06,2025-03-06,1750,1750,5.68,Road Logistics,0.0022,Delivered
PO-10312,PRT-0046,SUP-OPT-03,2025-08-13,2025-09-03,2025-08-28,1050,1050,5.99,Road Logistics,0.0129,Delivered
PO-10313,PRT-0024,SUP-FAS-01,2025-07-10,2025-07-24,2025-07-19,2000,2000,2.47,Road Logistics,0.0133,Delivered
PO-10314,PRT-0044,SUP-MEC-04,2025-11-03,2025-12-15,2025-12-17,250,250,3.26,Ocean Freight,0.0415,Delivered
PO-10315,PRT-0005,SUP-ELE-01,2025-06-18,2025-08-22,2025-08-18,1000,1000,12.43,Ocean Freight,0.007,Delivered
PO-10316,PRT-0017,SUP-FAS-01,2026-01-06,2026-01-20,2026-01-17,15000,15000,0.45,Road Logistics,0.0018,Delivered
PO-10317,PRT-0038,SUP-MEC-03,2025-12-06,2026-01-03,2026-01-15,600,563,9.58,Road Logistics,0.0111,Delivered
PO-10318,PRT-0043,SUP-ELE-01,2025-07-20,2025-09-23,2025-09-19,750,750,4.28,Ocean Freight,0.004,Delivered
PO-10319,PRT-0020,SUP-MEC-02,2025-10-14,2025-12-03,2025-12-10,600,600,14.35,Ocean Freight,0.061,Delivered
PO-10320,PRT-0009,SUP-OPT-03,2025-12-10,2025-12-31,2025-12-28,1250,1250,3.98,Road Logistics,0.0006,Delivered
PO-10321,PRT-0033,SUP-ELE-02,2025-07-05,2025-08-19,2025-08-23,300,300,14.45,Ocean Freight,0.002,Delivered
PO-10322,PRT-0014,SUP-ELE-01,2025-06-24,2025-08-28,2025-09-01,2400,2400,7.14,Ocean Freight,0.007,Delivered
PO-10323,PRT-0010,SUP-ELE-04,2025-02-09,2025-04-10,2025-04-09,1000,1000,3.0,Ocean Freight,0.1035,Delivered
PO-10324,PRT-0050,SUP-OPT-01,2025-10-04,2025-11-13,2025-11-15,1250,1250,7.13,Ocean Freight,0.0016,Delivered
PO-10325,PRT-0050,SUP-OPT-01,2025-11-13,2025-12-23,2025-12-24,375,375,7.01,Ocean Freight,0.001,Delivered
PO-10326,PRT-0012,SUP-MEC-03,2026-03-02,2026-03-30,2026-03-28,1500,1500,5.46,Road Logistics,0.045,Delivered
PO-10327,PRT-0029,SUP-MEC-01,2025-01-23,2025-02-27,2025-02-21,450,450,16.7,Road Logistics,0.041,Delivered
PO-10328,PRT-0029,SUP-MEC-01,2025-11-09,2025-12-14,2025-12-17,300,300,16.8,Road Logistics,0.0115,Delivered
PO-10329,PRT-0015,SUP-OPT-02,2025-10-01,2025-11-05,2025-11-09,750,750,4.44,Ocean Freight,0.0003,Delivered
PO-10330,PRT-0031,SUP-OPT-01,2026-04-08,2026-05-18,2026-05-14,525,525,6.48,Ocean Freight,0.0008,Delivered
PO-10331,PRT-0029,SUP-MEC-01,2025-08-25,2025-09-29,2025-10-05,300,300,16.39,Road Logistics,0.0063,Delivered
PO-10332,PRT-0027,SUP-MEC-04,2025-03-24,2025-05-05,2025-05-09,225,225,18.87,Ocean Freight,0.0338,Delivered
PO-10333,PRT-0017,SUP-FAS-01,2025-01-27,2025-02-10,2025-02-10,9000,9000,0.45,Road Logistics,0.0011,Delivered
PO-10334,PRT-0007,SUP-FAS-01,2025-12-31,2026-01-14,2026-01-15,7500,7500,1.23,Road Logistics,0.0158,Delivered
PO-10335,PRT-0049,SUP-FAS-01,2025-03-24,2025-04-07,2025-04-07,600,600,6.54,Road Logistics,0.0008,Delivered
PO-10336,PRT-0028,SUP-OPT-01,2025-02-16,2025-03-28,2025-03-27,300,300,11.96,Ocean Freight,0.0035,Delivered
PO-10337,PRT-0002,SUP-MEC-03,2025-08-01,2025-08-29,2025-09-01,300,300,7.75,Road Logistics,0.0146,Delivered
PO-10338,PRT-0025,SUP-OPT-02,2025-02-11,2025-03-18,2025-03-20,800,800,4.75,Ocean Freight,0.0048,Delivered
PO-10339,PRT-0007,SUP-FAS-01,2026-03-06,2026-03-20,2026-03-17,3000,3000,1.22,Road Logistics,0.0002,Delivered
PO-10340,PRT-0019,SUP-MEC-03,2026-04-15,2026-05-13,2026-05-15,450,450,31.9,Road Logistics,0.0319,Delivered
PO-10341,PRT-0046,SUP-OPT-03,2025-08-29,2025-09-19,2025-09-16,1050,1050,6.15,Road Logistics,0.0047,Delivered
PO-10342,PRT-0002,SUP-MEC-03,2025-05-12,2025-06-09,2025-06-06,450,450,7.87,Road Logistics,0.0443,Delivered
PO-10343,PRT-0047,SUP-ELE-03,2025-11-08,2025-12-08,2025-12-12,2500,2500,7.83,Road Logistics,0.0004,Delivered
PO-10344,PRT-0016,SUP-ELE-03,2025-06-04,2025-07-04,2025-07-11,2500,2500,0.65,Road Logistics,0.0343,Delivered
PO-10345,PRT-0040,SUP-MEC-03,2025-08-23,2025-09-20,2025-09-18,200,200,16.56,Road Logistics,0.0123,Delivered
PO-10346,PRT-0039,SUP-ELE-03,2025-10-02,2025-11-01,2025-10-31,250,250,22.76,Road Logistics,0.016,Delivered
PO-10347,PRT-0046,SUP-OPT-03,2025-03-15,2025-04-05,2025-04-09,700,700,5.99,Road Logistics,0.0068,Delivered
PO-10348,PRT-0016,SUP-ELE-03,2025-10-20,2025-11-19,2025-11-23,7500,7500,0.66,Road Logistics,0.0052,Delivered
PO-10349,PRT-0034,SUP-MEC-01,2025-07-04,2025-08-08,2025-08-03,200,190,14.02,Road Logistics,0.0238,Delivered
PO-10350,PRT-0033,SUP-ELE-02,2025-10-11,2025-11-25,2025-11-23,300,300,14.83,Ocean Freight,0.0002,Delivered
PO-10351,PRT-0041,SUP-OPT-02,2025-07-18,2025-08-22,2025-08-22,600,600,4.71,Ocean Freight,0.0061,Delivered
PO-10352,PRT-0005,SUP-ELE-01,2025-06-26,2025-08-30,2025-09-02,1500,1500,12.71,Ocean Freight,0.0009,Delivered
PO-10353,PRT-0050,SUP-OPT-01,2025-10-25,2025-12-04,2025-12-09,500,500,7.14,Ocean Freight,0.0009,Delivered
PO-10354,PRT-0022,SUP-ELE-01,2026-02-21,2026-04-27,2026-04-27,750,750,17.27,Ocean Freight,0.012,Delivered
PO-10355,PRT-0045,SUP-FAS-01,2025-09-03,2025-09-17,2025-09-12,3000,3000,0.82,Road Logistics,0.0059,Delivered
PO-10356,PRT-0050,SUP-OPT-01,2026-04-29,2026-06-08,2026-06-05,750,750,7.04,Ocean Freight,0.0088,Delivered
PO-10357,PRT-0013,SUP-ELE-03,2026-03-30,2026-04-29,2026-05-11,600,600,8.3,Road Logistics,0.0003,Delivered
PO-10358,PRT-0026,SUP-MEC-01,2026-02-22,2026-03-29,2026-04-13,10000,10000,1.11,Road Logistics,0.0086,Delivered
PO-10359,PRT-0042,SUP-FAS-01,2025-04-08,2025-04-22,2025-04-22,8000,8000,0.57,Road Logistics,0.0006,Delivered
PO-10360,PRT-0042,SUP-FAS-01,2025-06-19,2025-07-03,2025-07-02,8000,8000,0.55,Road Logistics,0.0061,Delivered
PO-10361,PRT-0026,SUP-MEC-01,2026-01-16,2026-02-20,2026-02-23,6000,5659,1.2,Road Logistics,0.0113,Delivered
PO-10362,PRT-0032,SUP-ELE-01,2025-12-21,2026-02-24,2026-02-15,1800,1800,10.73,Ocean Freight,0.0039,Delivered
PO-10363,PRT-0018,SUP-FAS-01,2026-02-15,2026-03-01,2026-02-25,1500,1500,1.06,Road Logistics,0.0015,Delivered
PO-10364,PRT-0039,SUP-ELE-03,2026-02-26,2026-03-28,2026-04-13,375,375,22.25,Road Logistics,0.0024,Delivered
PO-10365,PRT-0006,SUP-OPT-01,2025-06-17,2025-07-27,2025-07-31,800,800,5.48,Ocean Freight,0.0087,Delivered
PO-10366,PRT-0028,SUP-OPT-01,2025-03-27,2025-05-06,2025-05-05,600,600,11.08,Ocean Freight,0.0081,Delivered
PO-10367,PRT-0023,SUP-OPT-03,2025-11-11,2025-12-02,2025-12-04,750,750,8.6,Road Logistics,0.0003,Delivered
PO-10368,PRT-0004,SUP-ELE-03,2025-02-08,2025-03-10,2025-03-10,1500,1500,4.23,Road Logistics,0.0292,Delivered
PO-10369,PRT-0044,SUP-MEC-04,2025-03-23,2025-05-04,2025-05-17,250,250,3.25,Ocean Freight,0.028,Delivered
PO-10370,PRT-0003,SUP-ELE-02,2025-03-06,2025-04-20,2025-04-27,500,500,18.53,Ocean Freight,0.0227,Delivered
PO-10371,PRT-0024,SUP-FAS-01,2025-07-16,2025-07-30,2025-07-25,5000,5000,2.34,Road Logistics,0.0046,Delivered
PO-10372,PRT-0029,SUP-MEC-01,2026-05-01,2026-06-05,2026-06-08,300,300,16.77,Road Logistics,0.0138,Delivered
PO-10373,PRT-0037,SUP-OPT-01,2025-03-12,2025-04-21,2025-04-24,1500,1500,6.72,Ocean Freight,0.0171,Delivered
PO-10374,PRT-0018,SUP-FAS-01,2025-05-08,2025-05-22,2025-05-20,1500,1500,1.07,Road Logistics,0.0113,Delivered
PO-10375,PRT-0034,SUP-MEC-01,2025-07-18,2025-08-22,2025-08-27,1000,1000,14.0,Road Logistics,0.0339,Delivered
PO-10376,PRT-0046,SUP-OPT-03,2025-08-17,2025-09-07,2025-09-09,525,434,6.15,Road Logistics,0.034,Delivered
PO-10377,PRT-0032,SUP-ELE-01,2025-04-13,2025-06-17,2025-06-20,600,600,10.05,Ocean Freight,0.014,Delivered
PO-10378,PRT-0012,SUP-MEC-03,2026-04-06,2026-05-04,2026-04-27,900,792,5.86,Road Logistics,0.0177,Delivered
PO-10379,PRT-0021,SUP-ELE-02,2025-12-08,2026-01-22,2026-01-31,600,600,27.76,Ocean Freight,0.0114,Delivered
PO-10380,PRT-0019,SUP-MEC-03,2026-04-02,2026-04-30,2026-05-10,300,300,33.59,Road Logistics,0.0295,Delivered
PO-10381,PRT-0045,SUP-FAS-01,2025-11-23,2025-12-07,2025-12-05,3000,3000,0.85,Road Logistics,0.0096,Delivered
PO-10382,PRT-0008,SUP-FAS-01,2025-04-13,2025-04-27,2025-04-24,3000,3000,1.61,Road Logistics,0.0063,Delivered
PO-10383,PRT-0024,SUP-FAS-01,2025-10-11,2025-10-25,2025-10-27,5000,5000,2.48,Road Logistics,0.0036,Delivered
PO-10384,PRT-0036,SUP-FAS-01,2025-03-08,2025-03-22,2025-03-24,7500,6929,1.79,Road Logistics,0.0135,Delivered
PO-10385,PRT-0046,SUP-OPT-03,2026-01-04,2026-01-25,2026-01-21,1050,1050,6.07,Road Logistics,0.0033,Delivered
PO-10386,PRT-0037,SUP-OPT-01,2025-02-07,2025-03-19,2025-03-11,450,388,6.8,Ocean Freight,0.0209,Delivered
PO-10387,PRT-0044,SUP-MEC-04,2025-09-22,2025-11-03,2025-11-16,500,500,3.31,Ocean Freight,0.0021,Delivered
PO-10388,PRT-0038,SUP-MEC-03,2025-04-04,2025-05-02,2025-05-01,600,600,9.79,Road Logistics,0.0864,Delivered
PO-10389,PRT-0004,SUP-ELE-03,2026-03-02,2026-04-01,2026-03-31,500,500,4.05,Road Logistics,0.0059,Delivered
PO-10390,PRT-0011,SUP-MEC-03,2025-06-15,2025-07-13,2025-07-21,375,375,11.7,Road Logistics,0.033,Delivered
PO-10391,PRT-0019,SUP-MEC-03,2026-03-10,2026-04-07,2026-04-08,150,150,33.36,Road Logistics,0.0094,Delivered
PO-10392,PRT-0036,SUP-FAS-01,2025-05-21,2025-06-04,2025-06-04,2250,2250,1.83,Road Logistics,0.005,Delivered
PO-10393,PRT-0006,SUP-OPT-01,2025-09-15,2025-10-25,2025-10-21,600,600,5.47,Ocean Freight,0.0007,Delivered
PO-10394,PRT-0011,SUP-MEC-03,2025-12-04,2026-01-01,2025-12-26,1250,1250,11.36,Road Logistics,0.0043,Delivered
PO-10395,PRT-0037,SUP-OPT-01,2025-01-22,2025-03-03,2025-03-02,300,300,7.11,Ocean Freight,0.0165,Delivered
PO-10396,PRT-0050,SUP-OPT-01,2025-10-23,2025-12-02,2025-12-10,500,500,7.41,Ocean Freight,0.0015,Delivered
PO-10397,PRT-0027,SUP-MEC-04,2025-11-13,2025-12-25,2025-12-30,150,150,19.72,Ocean Freight,0.0014,Delivered
PO-10398,PRT-0019,SUP-MEC-03,2025-11-25,2025-12-23,2025-12-24,300,300,33.86,Road Logistics,0.027,Delivered
PO-10399,PRT-0044,SUP-MEC-04,2025-07-27,2025-09-07,2025-09-11,500,500,3.27,Ocean Freight,0.0528,Delivered
PO-10400,PRT-0011,SUP-MEC-03,2025-08-14,2025-09-11,2025-09-18,750,750,10.96,Road Logistics,0.0053,Delivered
PO-10401,PRT-0039,SUP-ELE-03,2025-03-15,2025-04-14,2025-04-19,500,500,22.25,Road Logistics,0.0026,Delivered
PO-10402,PRT-0023,SUP-OPT-03,2025-07-24,2025-08-14,2025-08-13,375,375,8.25,Road Logistics,0.0026,Delivered
PO-10403,PRT-0007,SUP-FAS-01,2025-06-13,2025-06-27,2025-06-29,2250,2250,1.23,Road Logistics,0.0006,Delivered
PO-10404,PRT-0016,SUP-ELE-03,2025-03-14,2025-04-13,2025-03-28,2500,2500,0.68,Road Logistics,0.0033,Delivered
PO-10405,PRT-0040,SUP-MEC-03,2025-08-03,2025-08-31,2025-09-02,300,267,16.43,Road Logistics,0.0258,Delivered
PO-10406,PRT-0037,SUP-OPT-01,2026-01-05,2026-02-14,2026-02-12,600,600,6.63,Ocean Freight,0.012,Delivered
PO-10407,PRT-0033,SUP-ELE-02,2025-08-28,2025-10-12,2025-10-21,900,900,14.87,Ocean Freight,0.0051,Delivered
PO-10408,PRT-0006,SUP-OPT-01,2026-04-29,2026-06-08,2026-06-09,1200,1200,5.65,Ocean Freight,0.0011,Delivered
PO-10409,PRT-0014,SUP-ELE-01,2025-10-26,2025-12-30,2025-12-29,1600,1600,6.7,Ocean Freight,0.0143,Delivered
PO-10410,PRT-0039,SUP-ELE-03,2026-03-28,2026-04-27,2026-05-26,750,750,21.62,Road Logistics,0.0166,Delivered
PO-10411,PRT-0007,SUP-FAS-01,2025-08-09,2025-08-23,2025-08-22,2250,2168,1.29,Road Logistics,0.0066,Delivered
PO-10412,PRT-0024,SUP-FAS-01,2025-01-24,2025-02-07,2025-02-03,3000,3000,2.43,Road Logistics,0.0016,Delivered
PO-10413,PRT-0024,SUP-FAS-01,2025-10-11,2025-10-25,2025-10-29,2000,2000,2.41,Road Logistics,0.0093,Delivered
PO-10414,PRT-0049,SUP-FAS-01,2025-10-09,2025-10-23,2025-10-22,600,600,6.6,Road Logistics,0.0144,Delivered
PO-10415,PRT-0040,SUP-MEC-03,2025-03-02,2025-03-30,2025-04-01,300,251,16.4,Road Logistics,0.0094,Delivered
PO-10416,PRT-0022,SUP-ELE-01,2025-10-13,2025-12-17,2025-12-22,1000,1000,16.53,Ocean Freight,0.0017,Delivered
PO-10417,PRT-0033,SUP-ELE-02,2025-07-25,2025-09-08,2025-09-09,1500,1500,14.26,Ocean Freight,0.039,Delivered
PO-10418,PRT-0046,SUP-OPT-03,2025-06-20,2025-07-11,2025-07-15,1050,1050,5.74,Road Logistics,0.0065,Delivered
PO-10419,PRT-0033,SUP-ELE-02,2025-03-13,2025-04-27,2025-05-03,600,563,14.73,Ocean Freight,0.0152,Delivered
PO-10420,PRT-0040,SUP-MEC-03,2026-01-14,2026-02-11,2026-02-14,400,400,15.99,Road Logistics,0.0028,Delivered
PO-10421,PRT-0033,SUP-ELE-02,2025-09-30,2025-11-14,2025-11-30,900,900,14.61,Ocean Freight,0.0123,Delivered
PO-10422,PRT-0024,SUP-FAS-01,2025-06-19,2025-07-03,2025-07-01,1000,858,2.48,Road Logistics,0.0013,Delivered
PO-10423,PRT-0047,SUP-ELE-03,2026-03-23,2026-04-22,2026-05-03,500,500,7.48,Road Logistics,0.0164,Delivered
PO-10424,PRT-0042,SUP-FAS-01,2026-02-05,2026-02-19,2026-02-19,20000,20000,0.56,Road Logistics,0.0013,Delivered
PO-10425,PRT-0038,SUP-MEC-03,2025-09-03,2025-10-01,2025-09-30,600,600,9.63,Road Logistics,0.0056,Delivered
PO-10426,PRT-0050,SUP-OPT-01,2026-03-07,2026-04-16,2026-04-16,750,750,7.35,Ocean Freight,0.0245,Delivered
PO-10427,PRT-0003,SUP-ELE-02,2025-10-21,2025-12-05,2025-11-29,500,500,18.19,Ocean Freight,0.0169,Delivered
PO-10428,PRT-0027,SUP-MEC-04,2025-03-19,2025-04-30,2025-05-11,450,450,19.34,Ocean Freight,0.0971,Delivered
PO-10429,PRT-0050,SUP-OPT-01,2025-11-10,2025-12-20,2025-12-22,750,750,7.39,Ocean Freight,0.012,Delivered
PO-10430,PRT-0004,SUP-ELE-03,2025-12-28,2026-01-27,2026-02-05,750,750,4.14,Road Logistics,0.0054,Delivered
PO-10431,PRT-0043,SUP-ELE-01,2025-09-02,2025-11-06,2025-11-21,2500,2500,4.29,Ocean Freight,0.0059,Delivered
PO-10432,PRT-0035,SUP-ELE-04,2025-06-25,2025-08-24,2025-09-12,2500,2500,5.35,Ocean Freight,0.065,Delivered
PO-10433,PRT-0042,SUP-FAS-01,2026-02-16,2026-03-02,2026-02-28,8000,8000,0.54,Road Logistics,0.0054,Delivered
PO-10434,PRT-0016,SUP-ELE-03,2025-05-23,2025-06-22,2025-07-08,12500,12500,0.68,Road Logistics,0.0032,Delivered
PO-10435,PRT-0020,SUP-MEC-02,2026-01-30,2026-03-21,2026-03-27,400,400,14.82,Ocean Freight,0.0154,Delivered
PO-10436,PRT-0032,SUP-ELE-01,2025-06-12,2025-08-16,2025-08-12,1800,1800,10.86,Ocean Freight,0.01,Delivered
PO-10437,PRT-0047,SUP-ELE-03,2025-05-21,2025-06-20,2025-06-30,1000,1000,7.76,Road Logistics,0.0024,Delivered
PO-10438,PRT-0025,SUP-OPT-02,2026-04-04,2026-05-09,2026-05-15,1200,1200,5.02,Ocean Freight,0.0028,Delivered
PO-10439,PRT-0010,SUP-ELE-04,2025-05-29,2025-07-28,2025-07-27,500,500,3.18,Ocean Freight,0.048,Delivered
PO-10440,PRT-0023,SUP-OPT-03,2026-04-19,2026-05-10,2026-05-12,750,750,8.42,Road Logistics,0.0094,Delivered
PO-10441,PRT-0014,SUP-ELE-01,2025-04-14,2025-06-18,2025-06-20,4000,4000,6.87,Ocean Freight,0.0056,Delivered
PO-10442,PRT-0018,SUP-FAS-01,2025-03-12,2025-03-26,2025-03-19,1500,1500,1.11,Road Logistics,0.0283,Delivered
PO-10443,PRT-0016,SUP-ELE-03,2025-01-26,2025-02-25,2025-02-26,12500,12500,0.64,Road Logistics,0.0112,Delivered
PO-10444,PRT-0007,SUP-FAS-01,2025-07-31,2025-08-14,2025-08-14,3000,3000,1.21,Road Logistics,0.003,Delivered
PO-10445,PRT-0050,SUP-OPT-01,2025-03-12,2025-04-21,2025-04-24,250,224,7.01,Ocean Freight,0.0001,Delivered
PO-10446,PRT-0042,SUP-FAS-01,2026-04-24,2026-05-08,2026-05-04,12000,12000,0.54,Road Logistics,0.0132,Delivered
PO-10447,PRT-0019,SUP-MEC-03,2025-06-14,2025-07-12,2025-07-16,300,300,34.17,Road Logistics,0.0754,Delivered
PO-10448,PRT-0006,SUP-OPT-01,2025-11-30,2026-01-09,2026-01-08,2000,2000,5.54,Ocean Freight,0.0027,Delivered
PO-10449,PRT-0003,SUP-ELE-02,2026-04-13,2026-05-28,2026-05-24,750,750,18.84,Ocean Freight,0.0184,Delivered
PO-10450,PRT-0003,SUP-ELE-02,2026-03-05,2026-04-19,2026-05-01,1500,1500,17.78,Ocean Freight,0.0171,Delivered
PO-10451,PRT-0048,SUP-MEC-03,2026-03-23,2026-04-20,2026-04-18,2000,2000,1.35,Road Logistics,0.0153,Delivered
PO-10452,PRT-0037,SUP-OPT-01,2025-11-05,2025-12-15,2025-12-11,300,282,6.81,Ocean Freight,0.0008,Delivered
PO-10453,PRT-0042,SUP-FAS-01,2025-10-06,2025-10-20,2025-10-21,20000,20000,0.57,Road Logistics,0.0166,Delivered
PO-10454,PRT-0033,SUP-ELE-02,2025-08-28,2025-10-12,2025-09-21,600,600,14.36,Ocean Freight,0.003,Delivered
PO-10455,PRT-0011,SUP-MEC-03,2026-01-10,2026-02-07,2026-02-12,750,750,11.48,Road Logistics,0.0366,Delivered
PO-10456,PRT-0001,SUP-MEC-01,2026-01-13,2026-02-17,2026-02-12,400,400,24.77,Road Logistics,0.0498,Delivered
PO-10457,PRT-0049,SUP-FAS-01,2025-04-09,2025-04-23,2025-04-21,450,450,6.61,Road Logistics,0.006,Delivered
PO-10458,PRT-0026,SUP-MEC-01,2026-02-28,2026-04-04,2026-04-07,6000,6000,1.11,Road Logistics,0.0202,Delivered
PO-10459,PRT-0043,SUP-ELE-01,2025-02-18,2025-04-24,2025-04-28,750,635,4.28,Ocean Freight,0.0025,Delivered
PO-10460,PRT-0001,SUP-MEC-01,2025-05-14,2025-06-18,2025-06-07,600,600,25.18,Road Logistics,0.0118,Delivered
PO-10461,PRT-0022,SUP-ELE-01,2025-06-04,2025-08-08,2025-07-30,2500,2500,16.24,Ocean Freight,0.0079,Delivered
PO-10462,PRT-0042,SUP-FAS-01,2025-07-04,2025-07-18,2025-07-17,6000,6000,0.53,Road Logistics,0.0001,Delivered
PO-10463,PRT-0020,SUP-MEC-02,2025-03-23,2025-05-12,2025-05-14,600,600,15.12,Ocean Freight,0.0071,Delivered
PO-10464,PRT-0046,SUP-OPT-03,2026-01-30,2026-02-20,2026-03-03,700,700,6.0,Road Logistics,0.0235,Delivered
PO-10465,PRT-0019,SUP-MEC-03,2025-07-08,2025-08-05,2025-08-06,750,750,34.31,Road Logistics,0.0133,Delivered
PO-10466,PRT-0031,SUP-OPT-01,2025-03-20,2025-04-29,2025-05-07,1050,1050,6.29,Ocean Freight,0.0398,Delivered
PO-10467,PRT-0027,SUP-MEC-04,2025-12-26,2026-02-06,2026-02-06,750,724,20.02,Ocean Freight,0.0023,Delivered
PO-10468,PRT-0014,SUP-ELE-01,2026-01-26,2026-04-01,2026-04-03,1200,1200,6.89,Ocean Freight,0.0071,Delivered
PO-10469,PRT-0006,SUP-OPT-01,2025-09-27,2025-11-06,2025-11-04,1200,1200,5.36,Ocean Freight,0.014,Delivered
PO-10470,PRT-0037,SUP-OPT-01,2025-02-27,2025-04-08,2025-04-06,300,300,7.08,Ocean Freight,0.0011,Delivered
PO-10471,PRT-0013,SUP-ELE-03,2025-10-21,2025-11-20,2025-11-06,3000,3000,8.31,Road Logistics,0.0009,Delivered
PO-10472,PRT-0034,SUP-MEC-01,2025-08-15,2025-09-19,2025-09-18,200,200,13.93,Road Logistics,0.0144,Delivered
PO-10473,PRT-0032,SUP-ELE-01,2025-02-16,2025-04-22,2025-04-16,3000,3000,10.04,Ocean Freight,0.0066,Delivered
PO-10474,PRT-0009,SUP-OPT-03,2025-09-20,2025-10-11,2025-10-14,750,750,3.76,Road Logistics,0.0077,Delivered
PO-10475,PRT-0030,SUP-ELE-02,2025-12-11,2026-01-25,2026-01-23,800,800,15.13,Ocean Freight,0.0185,Delivered
PO-10476,PRT-0001,SUP-MEC-01,2026-01-17,2026-02-21,2026-02-16,300,300,23.62,Road Logistics,0.0223,Delivered
PO-10477,PRT-0023,SUP-OPT-03,2025-12-25,2026-01-15,2026-01-12,250,250,7.92,Road Logistics,0.0086,Delivered
PO-10478,PRT-0005,SUP-ELE-01,2026-04-24,2026-06-28,,3000,0,12.46,Ocean Freight,0.0084,In Transit
PO-10479,PRT-0050,SUP-OPT-01,2025-03-11,2025-04-20,2025-04-23,750,750,7.49,Ocean Freight,0.0101,Delivered
PO-10480,PRT-0029,SUP-MEC-01,2026-03-22,2026-04-26,2026-04-21,450,450,16.65,Road Logistics,0.048,Delivered
PO-10481,PRT-0043,SUP-ELE-01,2026-03-24,2026-05-28,2026-05-30,2500,2500,4.25,Ocean Freight,0.003,Delivered
PO-10482,PRT-0008,SUP-FAS-01,2025-04-02,2025-04-16,2025-04-18,10000,10000,1.55,Road Logistics,0.0118,Delivered
PO-10483,PRT-0015,SUP-OPT-02,2026-03-04,2026-04-08,2026-04-06,500,500,4.51,Ocean Freight,0.0049,Delivered
PO-10484,PRT-0030,SUP-ELE-02,2025-12-11,2026-01-25,2026-01-26,2000,2000,15.11,Ocean Freight,0.0013,Delivered
PO-10485,PRT-0015,SUP-OPT-02,2025-05-07,2025-06-11,2025-06-18,1500,1500,4.23,Ocean Freight,0.0031,Delivered
PO-10486,PRT-0047,SUP-ELE-03,2026-01-27,2026-02-26,2026-02-16,500,500,7.75,Road Logistics,0.0101,Delivered
PO-10487,PRT-0040,SUP-MEC-03,2026-01-28,2026-02-25,2026-02-20,200,200,15.36,Road Logistics,0.0073,Delivered
PO-10488,PRT-0039,SUP-ELE-03,2025-01-18,2025-02-17,2025-02-18,750,750,23.02,Road Logistics,0.0055,Delivered
PO-10489,PRT-0004,SUP-ELE-03,2025-05-06,2025-06-05,2025-06-06,500,500,4.02,Road Logistics,0.0045,Delivered
PO-10490,PRT-0014,SUP-ELE-01,2026-01-22,2026-03-28,2026-03-28,800,800,7.14,Ocean Freight,0.0138,Delivered
PO-10491,PRT-0015,SUP-OPT-02,2026-02-22,2026-03-29,2026-03-30,2500,2500,4.36,Ocean Freight,0.001,Delivered
PO-10492,PRT-0044,SUP-MEC-04,2026-02-24,2026-04-07,2026-04-12,500,500,3.32,Ocean Freight,0.0389,Delivered
PO-10493,PRT-0043,SUP-ELE-01,2025-09-24,2025-11-28,2025-12-01,750,750,4.04,Ocean Freight,0.0039,Delivered
PO-10494,PRT-0036,SUP-FAS-01,2026-05-01,2026-05-15,2026-05-11,7500,7500,1.88,Road Logistics,0.0066,Delivered
PO-10495,PRT-0041,SUP-OPT-02,2025-12-14,2026-01-18,2026-01-23,900,900,4.72,Ocean Freight,0.0046,Delivered
PO-10496,PRT-0023,SUP-OPT-03,2026-04-28,2026-05-19,2026-05-16,750,750,8.11,Road Logistics,0.0005,Delivered
PO-10497,PRT-0027,SUP-MEC-04,2025-07-29,2025-09-09,2025-09-01,225,225,18.95,Ocean Freight,0.0309,Delivered
PO-10498,PRT-0035,SUP-ELE-04,2025-08-31,2025-10-30,2025-10-31,750,750,5.13,Ocean Freight,0.0274,Delivered
PO-10499,PRT-0046,SUP-OPT-03,2025-03-15,2025-04-05,2025-04-13,1050,1001,6.18,Road Logistics,0.002,Delivered
PO-10500,PRT-0036,SUP-FAS-01,2025-09-29,2025-10-13,2025-10-11,2250,2250,1.77,Road Logistics,0.0064,Delivered
PO-10501,PRT-0022,SUP-ELE-01,2025-11-28,2026-02-01,2026-02-09,500,485,16.36,Ocean Freight,0.0163,Delivered
PO-10502,PRT-0047,SUP-ELE-03,2026-03-01,2026-03-31,2026-04-02,750,750,7.55,Road Logistics,0.0123,Delivered
PO-10503,PRT-0039,SUP-ELE-03,2025-11-05,2025-12-05,2025-12-07,250,250,21.98,Road Logistics,0.0013,Delivered
PO-10504,PRT-0049,SUP-FAS-01,2025-10-28,2025-11-11,2025-11-09,1500,1500,6.36,Road Logistics,0.0193,Delivered
PO-10505,PRT-0022,SUP-ELE-01,2025-06-05,2025-08-09,2025-08-24,500,500,16.51,Ocean Freight,0.002,Delivered
PO-10506,PRT-0048,SUP-MEC-03,2026-01-22,2026-02-19,2026-03-01,3000,2885,1.43,Road Logistics,0.0111,Delivered
PO-10507,PRT-0026,SUP-MEC-01,2026-04-14,2026-05-19,2026-05-19,3000,3000,1.18,Road Logistics,0.0259,Delivered
PO-10508,PRT-0025,SUP-OPT-02,2025-08-27,2025-10-01,2025-10-02,2000,2000,4.74,Ocean Freight,0.014,Delivered
PO-10509,PRT-0024,SUP-FAS-01,2025-09-20,2025-10-04,2025-10-04,3000,3000,2.48,Road Logistics,0.0108,Delivered
PO-10510,PRT-0047,SUP-ELE-03,2025-08-29,2025-09-28,2025-10-03,1000,942,7.58,Road Logistics,0.01,Delivered
PO-10511,PRT-0037,SUP-OPT-01,2026-03-19,2026-04-28,2026-04-25,450,450,6.54,Ocean Freight,0.0029,Delivered
PO-10512,PRT-0036,SUP-FAS-01,2026-04-24,2026-05-08,2026-05-05,7500,7500,1.8,Road Logistics,0.0018,Delivered
PO-10513,PRT-0010,SUP-ELE-04,2025-04-11,2025-06-10,2025-06-29,1000,1000,3.13,Air Expedited,0.0533,Delivered
PO-10514,PRT-0036,SUP-FAS-01,2025-12-02,2025-12-16,2025-12-16,3000,3000,1.86,Road Logistics,0.0109,Delivered
PO-10515,PRT-0047,SUP-ELE-03,2025-11-25,2025-12-25,2026-01-10,1500,1500,7.8,Road Logistics,0.0165,Delivered
PO-10516,PRT-0023,SUP-OPT-03,2025-03-28,2025-04-18,2025-04-19,375,375,8.23,Road Logistics,0.0008,Delivered
PO-10517,PRT-0035,SUP-ELE-04,2025-11-25,2026-01-24,2026-01-20,500,500,5.38,Ocean Freight,0.0217,Delivered
PO-10518,PRT-0005,SUP-ELE-01,2026-04-29,2026-07-03,2026-06-19,1000,1000,12.46,Ocean Freight,0.0007,Delivered
PO-10519,PRT-0041,SUP-OPT-02,2025-04-29,2025-06-03,2025-06-08,300,300,4.71,Ocean Freight,0.0004,Delivered
PO-10520,PRT-0033,SUP-ELE-02,2025-08-22,2025-10-06,2025-09-25,600,600,15.06,Ocean Freight,0.0024,Delivered
PO-10521,PRT-0040,SUP-MEC-03,2026-04-13,2026-05-11,2026-05-18,600,600,15.29,Road Logistics,0.0166,Delivered
PO-10522,PRT-0035,SUP-ELE-04,2025-10-10,2025-12-09,2025-12-18,1500,1500,5.24,Ocean Freight,0.0404,Delivered
PO-10523,PRT-0018,SUP-FAS-01,2025-10-02,2025-10-16,2025-10-07,3000,3000,1.14,Road Logistics,0.0072,Delivered
PO-10524,PRT-0044,SUP-MEC-04,2025-08-09,2025-09-20,2025-09-25,375,375,3.1,Ocean Freight,0.0092,Delivered
PO-10525,PRT-0010,SUP-ELE-04,2025-05-04,2025-07-03,2025-07-19,750,750,3.05,Ocean Freight,0.0545,Delivered
PO-10526,PRT-0026,SUP-MEC-01,2025-02-10,2025-03-17,2025-03-19,4000,3790,1.13,Road Logistics,0.0015,Delivered
PO-10527,PRT-0045,SUP-FAS-01,2025-04-26,2025-05-10,2025-05-06,4000,4000,0.88,Road Logistics,0.0121,Delivered
PO-10528,PRT-0042,SUP-FAS-01,2026-03-16,2026-03-30,2026-03-29,4000,4000,0.55,Road Logistics,0.011,Delivered
PO-10529,PRT-0036,SUP-FAS-01,2025-09-01,2025-09-15,2025-09-16,1500,1500,1.84,Road Logistics,0.0035,Delivered
PO-10530,PRT-0006,SUP-OPT-01,2025-09-13,2025-10-23,2025-10-21,1200,1200,5.34,Ocean Freight,0.013,Delivered
PO-10531,PRT-0007,SUP-FAS-01,2026-04-04,2026-04-18,2026-04-19,7500,7003,1.3,Road Logistics,0.004,Delivered
PO-10532,PRT-0045,SUP-FAS-01,2026-03-31,2026-04-14,2026-04-17,10000,10000,0.82,Road Logistics,0.0079,Delivered
PO-10533,PRT-0005,SUP-ELE-01,2025-12-17,2026-02-20,2026-02-16,2000,1907,12.04,Ocean Freight,0.0302,Delivered
PO-10534,PRT-0021,SUP-ELE-02,2025-01-09,2025-02-23,2025-03-08,450,450,28.26,Ocean Freight,0.0131,Delivered
PO-10535,PRT-0026,SUP-MEC-01,2026-04-21,2026-05-26,2026-05-29,2000,2000,1.16,Road Logistics,0.0154,Delivered
PO-10536,PRT-0037,SUP-OPT-01,2026-03-04,2026-04-13,2026-04-11,900,900,6.86,Ocean Freight,0.0043,Delivered
PO-10537,PRT-0025,SUP-OPT-02,2026-01-22,2026-02-26,2026-02-26,600,600,4.91,Ocean Freight,0.0125,Delivered
PO-10538,PRT-0006,SUP-OPT-01,2025-09-14,2025-10-24,2025-10-26,800,800,5.4,Ocean Freight,0.0059,Delivered
PO-10539,PRT-0005,SUP-ELE-01,2025-06-24,2025-08-28,2025-09-07,5000,5000,13.07,Ocean Freight,0.0086,Delivered
PO-10540,PRT-0026,SUP-MEC-01,2026-02-01,2026-03-08,2026-03-12,4000,4000,1.13,Road Logistics,0.0055,Delivered
PO-10541,PRT-0029,SUP-MEC-01,2025-09-09,2025-10-14,2025-10-08,225,225,17.03,Road Logistics,0.0058,Delivered
PO-10542,PRT-0028,SUP-OPT-01,2025-04-06,2025-05-16,2025-05-14,1000,1000,11.13,Ocean Freight,0.001,Delivered
PO-10543,PRT-0040,SUP-MEC-03,2025-06-01,2025-06-29,2025-07-05,300,300,15.38,Road Logistics,0.0119,Delivered
PO-10544,PRT-0010,SUP-ELE-04,2025-07-14,2025-09-12,2025-09-12,750,750,3.06,Ocean Freight,0.0395,Delivered
PO-10545,PRT-0007,SUP-FAS-01,2025-02-16,2025-03-02,2025-03-07,1500,1420,1.29,Road Logistics,0.0001,Delivered
PO-10546,PRT-0007,SUP-FAS-01,2025-03-09,2025-03-23,2025-03-22,1500,1500,1.25,Road Logistics,0.0089,Delivered
PO-10547,PRT-0036,SUP-FAS-01,2025-09-20,2025-10-04,2025-10-04,4500,4500,1.74,Road Logistics,0.0057,Delivered
PO-10548,PRT-0036,SUP-FAS-01,2025-02-17,2025-03-03,2025-03-03,7500,7500,1.78,Road Logistics,0.001,Delivered
PO-10549,PRT-0025,SUP-OPT-02,2025-01-07,2025-02-11,2025-02-13,800,800,4.94,Ocean Freight,0.0031,Delivered
PO-10550,PRT-0047,SUP-ELE-03,2026-04-07,2026-05-07,2026-05-14,2500,2446,7.69,Road Logistics,0.0154,Delivered
PO-10551,PRT-0011,SUP-MEC-03,2025-12-17,2026-01-14,2026-01-17,750,750,11.02,Road Logistics,0.027,Delivered
PO-10552,PRT-0018,SUP-FAS-01,2025-09-10,2025-09-24,2025-09-20,2250,2250,1.1,Road Logistics,0.0006,Delivered
PO-10553,PRT-0027,SUP-MEC-04,2025-06-03,2025-07-15,2025-07-14,450,450,19.25,Ocean Freight,0.0115,Delivered
PO-10554,PRT-0016,SUP-ELE-03,2026-01-05,2026-02-04,2026-02-10,7500,7500,0.64,Road Logistics,0.0262,Delivered
PO-10555,PRT-0007,SUP-FAS-01,2025-03-11,2025-03-25,2025-03-20,3000,3000,1.24,Road Logistics,0.0019,Delivered
PO-10556,PRT-0040,SUP-MEC-03,2025-07-14,2025-08-11,2025-08-21,400,400,15.88,Road Logistics,0.0253,Delivered
PO-10557,PRT-0042,SUP-FAS-01,2025-11-01,2025-11-15,2025-11-13,6000,6000,0.56,Road Logistics,0.0046,Delivered
PO-10558,PRT-0045,SUP-FAS-01,2025-04-13,2025-04-27,2025-04-28,6000,6000,0.89,Road Logistics,0.0209,Delivered
PO-10559,PRT-0021,SUP-ELE-02,2025-05-30,2025-07-14,2025-07-01,900,790,27.21,Ocean Freight,0.0112,Delivered
PO-10560,PRT-0018,SUP-FAS-01,2026-02-23,2026-03-09,2026-03-07,4500,4500,1.15,Road Logistics,0.0063,Delivered
PO-10561,PRT-0013,SUP-ELE-03,2025-10-31,2025-11-30,2025-11-21,3000,3000,8.64,Road Logistics,0.0006,Delivered
PO-10562,PRT-0002,SUP-MEC-03,2026-01-08,2026-02-05,2026-02-03,900,839,8.05,Road Logistics,0.0004,Delivered
PO-10563,PRT-0045,SUP-FAS-01,2025-02-05,2025-02-19,2025-02-14,6000,6000,0.83,Road Logistics,0.0004,Delivered
PO-10564,PRT-0020,SUP-MEC-02,2025-05-04,2025-06-23,2025-06-24,400,400,14.85,Ocean Freight,0.0267,Delivered
PO-10565,PRT-0025,SUP-OPT-02,2025-02-07,2025-03-14,2025-03-17,1200,1017,4.78,Ocean Freight,0.0051,Delivered
PO-10566,PRT-0033,SUP-ELE-02,2026-04-18,2026-06-02,2026-06-07,900,900,15.26,Ocean Freight,0.0306,Delivered
PO-10567,PRT-0024,SUP-FAS-01,2025-12-26,2026-01-09,2026-01-06,5000,5000,2.5,Road Logistics,0.0234,Delivered
PO-10568,PRT-0007,SUP-FAS-01,2026-01-29,2026-02-12,2026-02-12,2250,2250,1.24,Road Logistics,0.0118,Delivered
PO-10569,PRT-0042,SUP-FAS-01,2025-11-10,2025-11-24,2025-11-19,4000,4000,0.56,Road Logistics,0.0021,Delivered
PO-10570,PRT-0042,SUP-FAS-01,2025-07-24,2025-08-07,2025-08-08,8000,6744,0.53,Road Logistics,0.0069,Delivered
PO-10571,PRT-0017,SUP-FAS-01,2025-04-24,2025-05-08,2025-05-10,15000,15000,0.45,Road Logistics,0.0001,Delivered
PO-10572,PRT-0045,SUP-FAS-01,2025-10-22,2025-11-05,2025-11-03,3000,3000,0.85,Road Logistics,0.0089,Delivered
PO-10573,PRT-0050,SUP-OPT-01,2025-12-14,2026-01-23,2026-01-19,1250,1250,7.01,Ocean Freight,0.0109,Delivered
PO-10574,PRT-0002,SUP-MEC-03,2025-09-05,2025-10-03,2025-09-30,300,300,8.13,Road Logistics,0.0717,Delivered
PO-10575,PRT-0006,SUP-OPT-01,2025-03-01,2025-04-10,2025-04-13,600,600,5.35,Ocean Freight,0.0407,Delivered
PO-10576,PRT-0014,SUP-ELE-01,2025-09-24,2025-11-28,2025-11-26,2400,2400,6.59,Ocean Freight,0.0037,Delivered
PO-10577,PRT-0047,SUP-ELE-03,2025-12-23,2026-01-22,2026-01-11,1500,1500,7.5,Road Logistics,0.0117,Delivered
PO-10578,PRT-0046,SUP-OPT-03,2025-02-28,2025-03-21,2025-03-13,350,350,6.01,Road Logistics,0.0082,Delivered
PO-10579,PRT-0044,SUP-MEC-04,2026-02-14,2026-03-28,2026-04-01,375,361,3.22,Ocean Freight,0.0057,Delivered
PO-10580,PRT-0036,SUP-FAS-01,2025-03-23,2025-04-06,2025-04-04,3000,3000,1.88,Road Logistics,0.0282,Delivered
PO-10581,PRT-0015,SUP-OPT-02,2026-02-13,2026-03-20,2026-03-30,1500,1500,4.2,Ocean Freight,0.0065,Delivered
PO-10582,PRT-0043,SUP-ELE-01,2025-08-10,2025-10-14,2025-10-26,1500,1500,4.16,Ocean Freight,0.0163,Delivered
PO-10583,PRT-0013,SUP-ELE-03,2025-08-19,2025-09-18,2025-09-20,3000,3000,8.07,Road Logistics,0.0055,Delivered
PO-10584,PRT-0014,SUP-ELE-01,2025-04-16,2025-06-20,2025-06-12,1600,1600,7.02,Ocean Freight,0.0035,Delivered
PO-10585,PRT-0005,SUP-ELE-01,2025-10-23,2025-12-27,2026-01-03,1000,1000,12.6,Ocean Freight,0.0006,Delivered
PO-10586,PRT-0024,SUP-FAS-01,2025-06-16,2025-06-30,2025-06-30,1500,1500,2.36,Road Logistics,0.0143,Delivered
PO-10587,PRT-0032,SUP-ELE-01,2025-09-28,2025-12-02,2025-12-14,1200,1200,10.56,Ocean Freight,0.0133,Delivered
PO-10588,PRT-0038,SUP-MEC-03,2025-02-28,2025-03-28,2025-04-02,800,800,9.41,Road Logistics,0.0015,Delivered
PO-10589,PRT-0012,SUP-MEC-03,2026-02-21,2026-03-21,2026-03-25,600,573,5.71,Road Logistics,0.0094,Delivered
PO-10590,PRT-0021,SUP-ELE-02,2025-03-02,2025-04-16,2025-03-27,450,450,26.85,Ocean Freight,0.0313,Delivered
PO-10591,PRT-0045,SUP-FAS-01,2025-03-14,2025-03-28,2025-03-24,10000,10000,0.86,Road Logistics,0.002,Delivered
PO-10592,PRT-0037,SUP-OPT-01,2025-07-16,2025-08-25,2025-08-28,900,900,6.92,Ocean Freight,0.005,Delivered
PO-10593,PRT-0045,SUP-FAS-01,2026-04-16,2026-04-30,2026-04-26,3000,3000,0.85,Road Logistics,0.0146,Delivered
PO-10594,PRT-0009,SUP-OPT-03,2025-04-06,2025-04-27,2025-04-22,500,500,3.96,Road Logistics,0.0119,Delivered
PO-10595,PRT-0023,SUP-OPT-03,2025-01-05,2025-01-26,2025-01-19,750,750,8.47,Road Logistics,0.0006,Delivered
PO-10596,PRT-0036,SUP-FAS-01,2025-09-16,2025-09-30,2025-09-29,4500,4500,1.81,Road Logistics,0.0119,Delivered
PO-10597,PRT-0046,SUP-OPT-03,2026-03-07,2026-03-28,2026-03-28,1050,1050,5.71,Road Logistics,0.003,Delivered
PO-10598,PRT-0002,SUP-MEC-03,2026-02-12,2026-03-12,2026-03-19,450,450,7.68,Road Logistics,0.011,Delivered
PO-10599,PRT-0035,SUP-ELE-04,2025-05-28,2025-07-27,2025-08-12,750,750,5.26,Ocean Freight,0.0298,Delivered
PO-10600,PRT-0032,SUP-ELE-01,2025-10-09,2025-12-13,2025-12-25,3000,3000,10.09,Ocean Freight,0.0189,Delivered
PO-10601,PRT-0050,SUP-OPT-01,2025-10-06,2025-11-15,2025-11-19,500,500,7.4,Ocean Freight,0.0028,Delivered
PO-10602,PRT-0049,SUP-FAS-01,2026-01-04,2026-01-18,2026-01-18,900,900,6.82,Road Logistics,0.0031,Delivered
PO-10603,PRT-0007,SUP-FAS-01,2026-01-12,2026-01-26,2026-01-27,2250,2250,1.31,Road Logistics,0.0299,Delivered
PO-10604,PRT-0029,SUP-MEC-01,2025-05-15,2025-06-19,2025-06-21,300,300,15.78,Road Logistics,0.0264,Delivered
PO-10605,PRT-0008,SUP-FAS-01,2026-02-02,2026-02-16,2026-02-11,3000,3000,1.64,Road Logistics,0.0104,Delivered
PO-10606,PRT-0045,SUP-FAS-01,2025-06-29,2025-07-13,2025-07-13,10000,10000,0.83,Road Logistics,0.0004,Delivered
PO-10607,PRT-0009,SUP-OPT-03,2026-02-06,2026-02-27,2026-03-02,375,375,4.03,Road Logistics,0.0016,Delivered
PO-10608,PRT-0037,SUP-OPT-01,2025-06-29,2025-08-08,2025-07-30,1500,1500,6.86,Ocean Freight,0.0011,Delivered
PO-10609,PRT-0021,SUP-ELE-02,2025-12-27,2026-02-10,2026-02-09,600,600,27.06,Ocean Freight,0.0031,Delivered
PO-10610,PRT-0033,SUP-ELE-02,2026-04-06,2026-05-21,2026-06-03,300,300,15.21,Ocean Freight,0.0023,Delivered
PO-10611,PRT-0004,SUP-ELE-03,2025-05-22,2025-06-21,2025-07-07,750,750,3.98,Road Logistics,0.0189,Delivered
PO-10612,PRT-0010,SUP-ELE-04,2025-12-31,2026-03-01,2026-03-08,1000,1000,3.19,Ocean Freight,0.0523,Delivered
PO-10613,PRT-0044,SUP-MEC-04,2025-07-21,2025-09-01,2025-08-29,750,750,3.25,Ocean Freight,0.0022,Delivered
PO-10614,PRT-0041,SUP-OPT-02,2025-08-01,2025-09-05,2025-09-05,900,900,4.98,Ocean Freight,0.0112,Delivered
PO-10615,PRT-0050,SUP-OPT-01,2025-02-17,2025-03-29,2025-03-28,750,750,7.09,Ocean Freight,0.0248,Delivered
PO-10616,PRT-0024,SUP-FAS-01,2025-08-21,2025-09-04,2025-09-05,3000,3000,2.3,Road Logistics,0.0016,Delivered
PO-10617,PRT-0050,SUP-OPT-01,2026-03-10,2026-04-19,2026-04-17,250,250,7.21,Ocean Freight,0.0026,Delivered
PO-10618,PRT-0043,SUP-ELE-01,2025-12-24,2026-02-27,2026-03-06,1000,1000,4.23,Ocean Freight,0.0006,Delivered
PO-10619,PRT-0026,SUP-MEC-01,2025-04-22,2025-05-27,2025-05-28,6000,6000,1.16,Road Logistics,0.0066,Delivered
PO-10620,PRT-0021,SUP-ELE-02,2026-03-01,2026-04-15,2026-05-04,600,600,27.83,Ocean Freight,0.0046,Delivered
PO-10621,PRT-0032,SUP-ELE-01,2026-02-08,2026-04-14,2026-04-12,1200,1158,10.03,Ocean Freight,0.0024,Delivered
PO-10622,PRT-0041,SUP-OPT-02,2026-02-06,2026-03-13,2026-03-10,900,900,5.11,Ocean Freight,0.0077,Delivered
PO-10623,PRT-0011,SUP-MEC-03,2025-08-14,2025-09-11,2025-09-14,750,750,11.72,Road Logistics,0.0476,Delivered
PO-10624,PRT-0013,SUP-ELE-03,2025-12-19,2026-01-18,2026-01-31,900,844,8.73,Road Logistics,0.0113,Delivered
PO-10625,PRT-0018,SUP-FAS-01,2025-02-17,2025-03-03,2025-02-27,3000,3000,1.09,Road Logistics,0.0082,Delivered
PO-10626,PRT-0042,SUP-FAS-01,2025-03-26,2025-04-09,2025-04-09,4000,4000,0.54,Road Logistics,0.0018,Delivered
PO-10627,PRT-0045,SUP-FAS-01,2026-01-22,2026-02-05,2026-02-06,3000,3000,0.82,Road Logistics,0.0039,Delivered
PO-10628,PRT-0007,SUP-FAS-01,2025-01-01,2025-01-15,2025-01-10,2250,2250,1.21,Road Logistics,0.0047,Delivered
PO-10629,PRT-0015,SUP-OPT-02,2025-09-23,2025-10-28,2025-11-03,1500,1500,4.4,Ocean Freight,0.0018,Delivered
PO-10630,PRT-0008,SUP-FAS-01,2026-03-17,2026-03-31,2026-03-29,6000,6000,1.6,Road Logistics,0.0008,Delivered
PO-10631,PRT-0015,SUP-OPT-02,2025-07-16,2025-08-20,2025-08-21,500,500,4.17,Ocean Freight,0.0023,Delivered
PO-10632,PRT-0021,SUP-ELE-02,2025-07-08,2025-08-22,2025-09-10,600,600,28.31,Ocean Freight,0.0074,Delivered
PO-10633,PRT-0009,SUP-OPT-03,2025-11-25,2025-12-16,2025-12-14,375,375,3.94,Road Logistics,0.0018,Delivered
PO-10634,PRT-0040,SUP-MEC-03,2025-11-29,2025-12-27,2025-12-24,300,300,16.3,Road Logistics,0.0067,Delivered
PO-10635,PRT-0041,SUP-OPT-02,2026-01-19,2026-02-23,2026-02-24,450,430,4.9,Ocean Freight,0.0089,Delivered
PO-10636,PRT-0014,SUP-ELE-01,2025-02-14,2025-04-20,2025-04-28,800,800,6.6,Ocean Freight,0.0251,Delivered
PO-10637,PRT-0047,SUP-ELE-03,2025-07-16,2025-08-15,2025-08-22,1000,831,7.39,Road Logistics,0.0111,Delivered
PO-10638,PRT-0018,SUP-FAS-01,2025-11-27,2025-12-11,2025-12-14,1500,1500,1.12,Road Logistics,0.0038,Delivered
PO-10639,PRT-0047,SUP-ELE-03,2025-11-08,2025-12-08,2025-12-20,1000,1000,7.77,Road Logistics,0.0024,Delivered
PO-10640,PRT-0043,SUP-ELE-01,2026-03-25,2026-05-29,2026-05-30,1000,1000,4.16,Ocean Freight,0.0106,Delivered
PO-10641,PRT-0013,SUP-ELE-03,2026-01-18,2026-02-17,2026-02-16,1800,1800,8.11,Road Logistics,0.0117,Delivered
PO-10642,PRT-0016,SUP-ELE-03,2025-09-11,2025-10-11,2025-09-28,7500,7500,0.65,Road Logistics,0.0235,Delivered
PO-10643,PRT-0039,SUP-ELE-03,2025-02-06,2025-03-08,2025-02-26,1250,1150,22.33,Road Logistics,0.0032,Delivered
PO-10644,PRT-0021,SUP-ELE-02,2025-03-09,2025-04-23,2025-04-27,900,900,27.81,Ocean Freight,0.0209,Delivered
PO-10645,PRT-0024,SUP-FAS-01,2025-10-07,2025-10-21,2025-10-19,1500,1500,2.51,Road Logistics,0.0094,Delivered
PO-10646,PRT-0050,SUP-OPT-01,2025-02-07,2025-03-19,2025-03-17,250,250,6.92,Ocean Freight,0.0006,Delivered
PO-10647,PRT-0014,SUP-ELE-01,2025-01-21,2025-03-27,2025-03-21,800,755,6.7,Ocean Freight,0.0148,Delivered
PO-10648,PRT-0046,SUP-OPT-03,2025-09-14,2025-10-05,2025-10-06,1050,1050,5.88,Road Logistics,0.0031,Delivered
PO-10649,PRT-0041,SUP-OPT-02,2025-10-02,2025-11-06,2025-11-01,1500,1500,4.83,Ocean Freight,0.0033,Delivered
PO-10650,PRT-0020,SUP-MEC-02,2025-02-10,2025-04-01,2025-04-02,1000,978,14.12,Ocean Freight,0.0269,Delivered
PO-10651,PRT-0021,SUP-ELE-02,2025-07-20,2025-09-03,2025-09-07,1500,1500,28.47,Ocean Freight,0.0284,Delivered
PO-10652,PRT-0044,SUP-MEC-04,2025-11-26,2026-01-07,2026-01-10,250,250,3.2,Ocean Freight,0.0079,Delivered
PO-10653,PRT-0016,SUP-ELE-03,2025-01-30,2025-03-01,2025-03-07,3750,3750,0.65,Road Logistics,0.0092,Delivered
PO-10654,PRT-0030,SUP-ELE-02,2025-11-10,2025-12-25,2025-12-30,2000,2000,15.5,Ocean Freight,0.0053,Delivered
PO-10655,PRT-0043,SUP-ELE-01,2026-01-15,2026-03-21,2026-03-28,750,750,4.2,Ocean Freight,0.0018,Delivered
PO-10656,PRT-0045,SUP-FAS-01,2025-01-06,2025-01-20,2025-01-20,3000,3000,0.84,Road Logistics,0.0015,Delivered
PO-10657,PRT-0034,SUP-MEC-01,2026-02-05,2026-03-12,2026-03-24,400,400,13.21,Road Logistics,0.0092,Delivered
PO-10658,PRT-0050,SUP-OPT-01,2026-03-24,2026-05-03,2026-05-13,500,500,6.99,Ocean Freight,0.0023,Delivered
PO-10659,PRT-0002,SUP-MEC-03,2025-06-21,2025-07-19,2025-07-13,900,900,7.53,Road Logistics,0.0092,Delivered
PO-10660,PRT-0046,SUP-OPT-03,2025-10-23,2025-11-13,2025-11-15,350,350,5.94,Road Logistics,0.004,Delivered
PO-10661,PRT-0004,SUP-ELE-03,2025-09-13,2025-10-13,2025-09-28,2500,2500,3.99,Road Logistics,0.01,Delivered
PO-10662,PRT-0050,SUP-OPT-01,2025-02-22,2025-04-03,2025-03-29,1250,1250,6.99,Ocean Freight,0.016,Delivered
PO-10663,PRT-0048,SUP-MEC-03,2025-09-18,2025-10-16,2025-10-31,1000,1000,1.45,Road Logistics,0.0059,Delivered
PO-10664,PRT-0016,SUP-ELE-03,2025-01-24,2025-02-23,2025-02-20,7500,7500,0.68,Road Logistics,0.0039,Delivered
PO-10665,PRT-0012,SUP-MEC-03,2026-04-22,2026-05-20,2026-05-22,300,300,5.84,Road Logistics,0.0028,Delivered
PO-10666,PRT-0048,SUP-MEC-03,2025-12-02,2025-12-30,2025-12-27,3000,3000,1.38,Road Logistics,0.0436,Delivered
PO-10667,PRT-0047,SUP-ELE-03,2025-06-13,2025-07-13,2025-07-21,1000,1000,7.69,Road Logistics,0.0128,Delivered
PO-10668,PRT-0008,SUP-FAS-01,2025-09-15,2025-09-29,2025-09-27,2000,2000,1.65,Road Logistics,0.003,Delivered
PO-10669,PRT-0003,SUP-ELE-02,2025-07-25,2025-09-08,2025-08-31,500,500,18.89,Ocean Freight,0.0162,Delivered
PO-10670,PRT-0050,SUP-OPT-01,2026-03-09,2026-04-18,2026-04-15,500,500,7.27,Ocean Freight,0.0041,Delivered
PO-10671,PRT-0001,SUP-MEC-01,2025-07-08,2025-08-12,2025-08-14,300,300,25.25,Road Logistics,0.0179,Delivered
PO-10672,PRT-0048,SUP-MEC-03,2025-11-15,2025-12-13,2025-12-21,1500,1500,1.42,Road Logistics,0.0087,Delivered
PO-10673,PRT-0032,SUP-ELE-01,2026-01-31,2026-04-06,2026-03-24,900,900,10.5,Ocean Freight,0.002,Delivered
PO-10674,PRT-0016,SUP-ELE-03,2025-03-19,2025-04-18,2025-04-18,2500,2303,0.66,Road Logistics,0.0039,Delivered
PO-10675,PRT-0041,SUP-OPT-02,2026-03-06,2026-04-10,2026-04-16,300,276,4.99,Ocean Freight,0.0091,Delivered
PO-10676,PRT-0048,SUP-MEC-03,2026-01-08,2026-02-05,2026-02-11,2000,2000,1.41,Road Logistics,0.0044,Delivered
PO-10677,PRT-0016,SUP-ELE-03,2025-08-03,2025-09-02,2025-09-21,7500,6729,0.63,Road Logistics,0.0106,Delivered
PO-10678,PRT-0018,SUP-FAS-01,2025-02-17,2025-03-03,2025-03-03,1500,1460,1.11,Road Logistics,0.0149,Delivered
PO-10679,PRT-0045,SUP-FAS-01,2026-04-04,2026-04-18,2026-04-17,4000,4000,0.87,Road Logistics,0.0086,Delivered
PO-10680,PRT-0038,SUP-MEC-03,2025-02-18,2025-03-18,2025-03-23,2000,2000,9.72,Road Logistics,0.0202,Delivered
PO-10681,PRT-0005,SUP-ELE-01,2025-10-31,2026-01-04,2026-01-23,5000,5000,12.75,Air Expedited,0.0164,Delivered
PO-10682,PRT-0019,SUP-MEC-03,2025-05-14,2025-06-11,2025-06-07,300,283,33.94,Road Logistics,0.0261,Delivered
PO-10683,PRT-0021,SUP-ELE-02,2025-06-12,2025-07-27,2025-08-08,900,900,26.58,Ocean Freight,0.0034,Delivered
PO-10684,PRT-0013,SUP-ELE-03,2025-03-11,2025-04-10,2025-04-09,3000,3000,8.14,Road Logistics,0.0221,Delivered
PO-10685,PRT-0029,SUP-MEC-01,2025-08-27,2025-10-01,2025-10-03,300,300,16.43,Road Logistics,0.0052,Delivered
PO-10686,PRT-0050,SUP-OPT-01,2025-04-17,2025-05-27,2025-05-24,750,750,7.08,Ocean Freight,0.009,Delivered
PO-10687,PRT-0008,SUP-FAS-01,2025-02-16,2025-03-02,2025-03-01,3000,3000,1.58,Road Logistics,0.0031,Delivered
PO-10688,PRT-0046,SUP-OPT-03,2025-12-23,2026-01-13,2026-01-15,1750,1750,6.11,Road Logistics,0.0022,Delivered
PO-10689,PRT-0021,SUP-ELE-02,2025-03-17,2025-05-01,2025-05-12,300,300,28.8,Ocean Freight,0.0156,Delivered
PO-10690,PRT-0026,SUP-MEC-01,2025-09-20,2025-10-25,2025-10-23,2000,2000,1.13,Road Logistics,0.0299,Delivered
PO-10691,PRT-0012,SUP-MEC-03,2025-01-16,2025-02-13,2025-02-24,900,900,5.66,Road Logistics,0.0269,Delivered
PO-10692,PRT-0036,SUP-FAS-01,2025-05-08,2025-05-22,2025-05-22,1500,1500,1.86,Road Logistics,0.0185,Delivered
PO-10693,PRT-0009,SUP-OPT-03,2025-03-04,2025-03-25,2025-03-26,250,250,4.02,Road Logistics,0.0023,Delivered
PO-10694,PRT-0015,SUP-OPT-02,2025-03-08,2025-04-12,2025-04-17,750,750,4.27,Ocean Freight,0.0152,Delivered
PO-10695,PRT-0041,SUP-OPT-02,2026-04-26,2026-05-31,2026-05-29,300,300,4.82,Ocean Freight,0.0002,Delivered
PO-10696,PRT-0005,SUP-ELE-01,2025-01-12,2025-03-18,2025-03-25,1000,1000,12.73,Ocean Freight,0.0028,Delivered
PO-10697,PRT-0009,SUP-OPT-03,2025-02-17,2025-03-10,2025-03-12,500,500,4.07,Road Logistics,0.0105,Delivered
PO-10698,PRT-0004,SUP-ELE-03,2025-03-28,2025-04-27,2025-05-06,2500,2500,4.2,Road Logistics,0.0062,Delivered
PO-10699,PRT-0032,SUP-ELE-01,2025-01-16,2025-03-22,2025-03-28,1800,1800,10.15,Ocean Freight,0.0066,Delivered
PO-10700,PRT-0014,SUP-ELE-01,2026-04-11,2026-06-15,2026-06-15,1200,1200,6.8,Ocean Freight,0.0089,Delivered
PO-10701,PRT-0010,SUP-ELE-04,2025-01-18,2025-03-19,2025-04-03,2500,2500,3.04,Air Expedited,0.0112,Delivered
PO-10702,PRT-0027,SUP-MEC-04,2026-03-28,2026-05-09,2026-05-16,750,750,18.78,Ocean Freight,0.025,Delivered
PO-10703,PRT-0025,SUP-OPT-02,2025-03-12,2025-04-16,2025-04-26,1200,1200,4.99,Ocean Freight,0.0098,Delivered
PO-10704,PRT-0034,SUP-MEC-01,2025-05-08,2025-06-12,2025-06-26,1000,1000,14.27,Road Logistics,0.0194,Delivered
PO-10705,PRT-0046,SUP-OPT-03,2025-07-03,2025-07-24,2025-07-27,1050,1050,5.92,Road Logistics,0.0094,Delivered
PO-10706,PRT-0037,SUP-OPT-01,2025-09-15,2025-10-25,2025-10-26,600,600,6.64,Ocean Freight,0.0046,Delivered
PO-10707,PRT-0021,SUP-ELE-02,2025-11-02,2025-12-17,2025-12-25,450,450,28.41,Ocean Freight,0.0002,Delivered
PO-10708,PRT-0018,SUP-FAS-01,2025-01-30,2025-02-13,2025-02-15,4500,4500,1.13,Road Logistics,0.0164,Delivered
PO-10709,PRT-0015,SUP-OPT-02,2025-03-23,2025-04-27,2025-05-11,500,500,4.22,Ocean Freight,0.0016,Delivered
PO-10710,PRT-0048,SUP-MEC-03,2025-01-29,2025-02-26,2025-03-03,1500,1500,1.47,Road Logistics,0.0486,Delivered
PO-10711,PRT-0025,SUP-OPT-02,2025-07-01,2025-08-05,2025-08-07,600,600,4.86,Ocean Freight,0.0008,Delivered
PO-10712,PRT-0048,SUP-MEC-03,2025-12-24,2026-01-21,2026-01-16,2000,1843,1.43,Road Logistics,0.0281,Delivered
PO-10713,PRT-0037,SUP-OPT-01,2025-10-16,2025-11-25,2025-11-26,450,450,6.64,Ocean Freight,0.0027,Delivered
PO-10714,PRT-0032,SUP-ELE-01,2025-10-05,2025-12-09,2025-12-13,1200,1200,10.02,Ocean Freight,0.0157,Delivered
PO-10715,PRT-0004,SUP-ELE-03,2025-04-30,2025-05-30,2025-05-31,2500,2500,4.13,Road Logistics,0.0291,Delivered
PO-10716,PRT-0001,SUP-MEC-01,2025-06-19,2025-07-24,2025-07-28,1000,1000,23.81,Road Logistics,0.0148,Delivered
PO-10717,PRT-0046,SUP-OPT-03,2025-04-01,2025-04-22,2025-04-21,700,700,5.74,Road Logistics,0.003,Delivered
PO-10718,PRT-0046,SUP-OPT-03,2026-04-15,2026-05-06,2026-05-05,525,525,6.11,Road Logistics,0.03,Delivered
PO-10719,PRT-0024,SUP-FAS-01,2025-02-07,2025-02-21,2025-02-19,2000,2000,2.45,Road Logistics,0.0026,Delivered
PO-10720,PRT-0038,SUP-MEC-03,2025-02-21,2025-03-21,2025-03-16,800,800,9.14,Road Logistics,0.0054,Delivered
PO-10721,PRT-0011,SUP-MEC-03,2026-01-10,2026-02-07,2026-02-06,750,750,11.72,Road Logistics,0.0103,Delivered
PO-10722,PRT-0042,SUP-FAS-01,2025-06-12,2025-06-26,2025-06-23,6000,6000,0.56,Road Logistics,0.0179,Delivered
PO-10723,PRT-0040,SUP-MEC-03,2026-02-07,2026-03-07,2026-03-09,400,400,16.11,Road Logistics,0.0057,Delivered
PO-10724,PRT-0012,SUP-MEC-03,2025-07-13,2025-08-10,2025-08-14,600,600,5.52,Road Logistics,0.0143,Delivered
PO-10725,PRT-0012,SUP-MEC-03,2026-01-09,2026-02-06,2026-02-07,300,293,5.57,Road Logistics,0.002,Delivered
PO-10726,PRT-0050,SUP-OPT-01,2025-10-18,2025-11-27,2025-11-25,250,250,7.12,Ocean Freight,0.0005,Delivered
PO-10727,PRT-0040,SUP-MEC-03,2025-04-24,2025-05-22,2025-05-10,1000,1000,15.97,Road Logistics,0.0552,Delivered
PO-10728,PRT-0022,SUP-ELE-01,2026-01-17,2026-03-23,2026-03-30,500,500,17.72,Ocean Freight,0.018,Delivered
PO-10729,PRT-0011,SUP-MEC-03,2025-11-22,2025-12-20,2025-12-20,250,250,11.43,Road Logistics,0.0268,Delivered
PO-10730,PRT-0047,SUP-ELE-03,2026-03-30,2026-04-29,2026-05-04,1000,1000,7.48,Road Logistics,0.0057,Delivered
PO-10731,PRT-0016,SUP-ELE-03,2025-12-21,2026-01-20,2026-02-04,2500,2500,0.67,Road Logistics,0.0046,Delivered
PO-10732,PRT-0047,SUP-ELE-03,2025-01-01,2025-01-31,2025-01-19,500,500,7.8,Road Logistics,0.0011,Delivered
PO-10733,PRT-0011,SUP-MEC-03,2026-03-29,2026-04-26,2026-04-20,750,750,11.13,Road Logistics,0.0755,Delivered
PO-10734,PRT-0035,SUP-ELE-04,2025-07-12,2025-09-10,2025-10-04,500,500,5.36,Ocean Freight,0.0174,Delivered
PO-10735,PRT-0049,SUP-FAS-01,2025-12-18,2026-01-01,2025-12-31,450,450,6.28,Road Logistics,0.002,Delivered
PO-10736,PRT-0003,SUP-ELE-02,2025-05-31,2025-07-15,2025-07-15,500,500,19.03,Ocean Freight,0.0213,Delivered
PO-10737,PRT-0005,SUP-ELE-01,2025-06-25,2025-08-29,2025-09-06,1500,1394,12.08,Ocean Freight,0.0041,Delivered
PO-10738,PRT-0006,SUP-OPT-01,2025-06-23,2025-08-02,2025-08-07,2000,1778,5.53,Ocean Freight,0.0065,Delivered
PO-10739,PRT-0028,SUP-OPT-01,2026-04-28,2026-06-07,2026-06-09,300,300,11.49,Ocean Freight,0.0098,Delivered
PO-10740,PRT-0004,SUP-ELE-03,2025-02-21,2025-03-23,2025-03-22,1000,1000,4.01,Road Logistics,0.0023,Delivered
PO-10741,PRT-0045,SUP-FAS-01,2025-10-11,2025-10-25,2025-10-24,10000,10000,0.84,Road Logistics,0.0116,Delivered
PO-10742,PRT-0016,SUP-ELE-03,2025-02-19,2025-03-21,2025-03-16,2500,2500,0.66,Road Logistics,0.0008,Delivered
PO-10743,PRT-0032,SUP-ELE-01,2025-03-20,2025-05-24,2025-05-27,600,600,10.38,Ocean Freight,0.003,Delivered
PO-10744,PRT-0019,SUP-MEC-03,2026-02-26,2026-03-26,2026-03-24,750,750,31.77,Road Logistics,0.001,Delivered
PO-10745,PRT-0014,SUP-ELE-01,2025-03-29,2025-06-02,2025-06-01,1600,1355,6.6,Ocean Freight,0.0635,Delivered
PO-10746,PRT-0026,SUP-MEC-01,2025-08-30,2025-10-04,2025-10-14,6000,5615,1.17,Road Logistics,0.0103,Delivered
PO-10747,PRT-0025,SUP-OPT-02,2025-04-05,2025-05-10,2025-05-12,800,753,4.8,Ocean Freight,0.0053,Delivered
PO-10748,PRT-0017,SUP-FAS-01,2025-08-14,2025-08-28,2025-08-27,9000,9000,0.47,Road Logistics,0.005,Delivered
PO-10749,PRT-0037,SUP-OPT-01,2025-02-01,2025-03-13,2025-03-07,450,450,6.94,Ocean Freight,0.0004,Delivered
PO-10750,PRT-0006,SUP-OPT-01,2025-12-09,2026-01-18,2026-01-19,800,800,5.39,Ocean Freight,0.003,Delivered
PO-10751,PRT-0049,SUP-FAS-01,2025-10-29,2025-11-12,2025-11-14,450,450,6.73,Road Logistics,0.0043,Delivered
PO-10752,PRT-0034,SUP-MEC-01,2025-08-03,2025-09-07,2025-09-11,1000,1000,14.2,Road Logistics,0.0098,Delivered
PO-10753,PRT-0037,SUP-OPT-01,2026-03-28,2026-05-07,2026-05-14,450,450,6.58,Ocean Freight,0.004,Delivered
PO-10754,PRT-0046,SUP-OPT-03,2025-01-18,2025-02-08,2025-02-13,1750,1750,5.94,Road Logistics,0.0023,Delivered
PO-10755,PRT-0037,SUP-OPT-01,2025-12-13,2026-01-22,2026-01-22,1500,1500,7.11,Ocean Freight,0.0092,Delivered
PO-10756,PRT-0029,SUP-MEC-01,2025-03-30,2025-05-04,2025-05-07,225,198,15.83,Road Logistics,0.0038,Delivered
PO-10757,PRT-0028,SUP-OPT-01,2025-02-10,2025-03-22,2025-03-23,600,600,11.89,Ocean Freight,0.0026,Delivered
PO-10758,PRT-0010,SUP-ELE-04,2026-03-04,2026-05-03,2026-05-22,2500,2500,3.23,Ocean Freight,0.0863,Delivered
PO-10759,PRT-0005,SUP-ELE-01,2025-02-14,2025-04-20,2025-04-21,3000,3000,12.62,Ocean Freight,0.0023,Delivered
PO-10760,PRT-0018,SUP-FAS-01,2025-09-24,2025-10-08,2025-10-05,4500,4143,1.13,Road Logistics,0.0016,Delivered
PO-10761,PRT-0038,SUP-MEC-03,2025-09-25,2025-10-23,2025-10-24,1200,1200,9.15,Road Logistics,0.0047,Delivered
PO-10762,PRT-0037,SUP-OPT-01,2025-10-29,2025-12-08,2025-12-01,1500,1500,7.1,Ocean Freight,0.0053,Delivered
PO-10763,PRT-0007,SUP-FAS-01,2025-10-16,2025-10-30,2025-10-31,1500,1500,1.3,Road Logistics,0.0067,Delivered
PO-10764,PRT-0023,SUP-OPT-03,2026-03-26,2026-04-16,2026-04-18,750,750,8.36,Road Logistics,0.0004,Delivered
PO-10765,PRT-0037,SUP-OPT-01,2025-11-08,2025-12-18,2025-12-21,900,900,6.7,Ocean Freight,0.0049,Delivered
PO-10766,PRT-0010,SUP-ELE-04,2025-11-13,2026-01-12,2026-01-20,2500,2500,3.09,Ocean Freight,0.0686,Delivered
PO-10767,PRT-0026,SUP-MEC-01,2026-04-01,2026-05-06,2026-05-04,4000,4000,1.11,Road Logistics,0.0086,Delivered
PO-10768,PRT-0031,SUP-OPT-01,2026-04-17,2026-05-27,2026-05-28,700,644,6.41,Ocean Freight,0.0024,Delivered
PO-10769,PRT-0020,SUP-MEC-02,2025-06-09,2025-07-29,2025-08-07,400,400,15.04,Ocean Freight,0.0019,Delivered
PO-10770,PRT-0044,SUP-MEC-04,2025-02-20,2025-04-03,2025-04-08,375,375,3.35,Ocean Freight,0.0283,Delivered
PO-10771,PRT-0029,SUP-MEC-01,2026-02-01,2026-03-08,2026-03-21,300,300,16.26,Road Logistics,0.0386,Delivered
PO-10772,PRT-0042,SUP-FAS-01,2025-02-15,2025-03-01,2025-02-25,6000,6000,0.57,Road Logistics,0.0146,Delivered
PO-10773,PRT-0027,SUP-MEC-04,2026-01-15,2026-02-26,2026-03-03,450,450,20.14,Ocean Freight,0.0054,Delivered
PO-10774,PRT-0004,SUP-ELE-03,2025-09-21,2025-10-21,2025-10-28,750,750,4.2,Road Logistics,0.0118,Delivered
PO-10775,PRT-0026,SUP-MEC-01,2025-03-11,2025-04-15,2025-04-20,10000,10000,1.11,Road Logistics,0.0671,Delivered
PO-10776,PRT-0013,SUP-ELE-03,2026-03-25,2026-04-24,2026-04-18,900,900,8.25,Road Logistics,0.0271,Delivered
PO-10777,PRT-0030,SUP-ELE-02,2025-01-26,2025-03-12,2025-03-08,800,800,14.97,Ocean Freight,0.0005,Delivered
PO-10778,PRT-0030,SUP-ELE-02,2025-09-16,2025-10-31,2025-11-20,1200,1200,14.76,Air Expedited,0.0076,Delivered
PO-10779,PRT-0024,SUP-FAS-01,2025-09-08,2025-09-22,2025-09-17,5000,5000,2.51,Road Logistics,0.0144,Delivered
PO-10780,PRT-0031,SUP-OPT-01,2025-10-28,2025-12-07,2025-12-12,1750,1750,6.04,Ocean Freight,0.004,Delivered
PO-10781,PRT-0017,SUP-FAS-01,2026-01-19,2026-02-02,2026-02-03,3000,3000,0.45,Road Logistics,0.0009,Delivered
PO-10782,PRT-0011,SUP-MEC-03,2026-03-14,2026-04-11,2026-03-27,1250,1250,10.97,Road Logistics,0.0111,Delivered
PO-10783,PRT-0015,SUP-OPT-02,2025-11-28,2026-01-02,2026-01-01,750,750,4.23,Ocean Freight,0.0037,Delivered
PO-10784,PRT-0027,SUP-MEC-04,2025-09-20,2025-11-01,2025-11-07,150,150,20.31,Ocean Freight,0.0864,Delivered
PO-10785,PRT-0044,SUP-MEC-04,2025-01-05,2025-02-16,2025-02-16,750,719,3.25,Ocean Freight,0.0189,Delivered
PO-10786,PRT-0001,SUP-MEC-01,2025-04-25,2025-05-30,2025-05-31,400,400,25.6,Road Logistics,0.0074,Delivered
PO-10787,PRT-0046,SUP-OPT-03,2025-12-30,2026-01-20,2026-01-21,700,700,5.86,Road Logistics,0.0006,Delivered
PO-10788,PRT-0023,SUP-OPT-03,2025-08-24,2025-09-14,2025-09-06,500,500,8.09,Road Logistics,0.0142,Delivered
PO-10789,PRT-0034,SUP-MEC-01,2026-02-27,2026-04-03,2026-04-12,1000,1000,13.18,Road Logistics,0.0108,Delivered
PO-10790,PRT-0033,SUP-ELE-02,2025-12-06,2026-01-20,2026-02-03,600,600,15.0,Air Expedited,0.0005,Delivered
PO-10791,PRT-0044,SUP-MEC-04,2025-02-25,2025-04-08,2025-04-10,750,750,3.36,Ocean Freight,0.0119,Delivered
PO-10792,PRT-0041,SUP-OPT-02,2025-06-16,2025-07-21,2025-07-21,600,600,5.02,Ocean Freight,0.02,Delivered
PO-10793,PRT-0042,SUP-FAS-01,2025-06-02,2025-06-16,2025-06-15,6000,6000,0.57,Road Logistics,0.0106,Delivered
PO-10794,PRT-0004,SUP-ELE-03,2026-02-17,2026-03-19,2026-03-31,2500,2500,4.05,Road Logistics,0.0042,Delivered
PO-10795,PRT-0009,SUP-OPT-03,2026-01-05,2026-01-26,2026-02-02,250,250,4.09,Road Logistics,0.0043,Delivered
PO-10796,PRT-0017,SUP-FAS-01,2026-04-10,2026-04-24,2026-04-24,9000,9000,0.46,Road Logistics,0.0132,Delivered
PO-10797,PRT-0038,SUP-MEC-03,2025-12-29,2026-01-26,2026-01-29,2000,2000,9.31,Road Logistics,0.0307,Delivered
PO-10798,PRT-0046,SUP-OPT-03,2025-04-24,2025-05-15,2025-05-24,1750,1750,5.92,Road Logistics,0.004,Delivered
PO-10799,PRT-0043,SUP-ELE-01,2025-07-03,2025-09-06,2025-09-07,2500,2500,4.0,Ocean Freight,0.0027,Delivered
PO-10800,PRT-0043,SUP-ELE-01,2026-03-25,2026-05-29,2026-06-15,2500,2500,3.97,Air Expedited,0.0038,Delivered
PO-10801,PRT-0017,SUP-FAS-01,2026-01-07,2026-01-21,2026-01-23,15000,15000,0.44,Road Logistics,0.0027,Delivered
PO-10802,PRT-0044,SUP-MEC-04,2026-04-06,2026-05-18,2026-05-22,500,500,3.14,Ocean Freight,0.013,Delivered
PO-10803,PRT-0015,SUP-OPT-02,2026-01-17,2026-02-21,2026-02-24,1000,1000,4.47,Ocean Freight,0.0019,Delivered
PO-10804,PRT-0024,SUP-FAS-01,2025-05-14,2025-05-28,2025-05-28,5000,5000,2.49,Road Logistics,0.0073,Delivered
PO-10805,PRT-0031,SUP-OPT-01,2025-01-28,2025-03-09,2025-03-08,1750,1750,6.3,Ocean Freight,0.0043,Delivered
PO-10806,PRT-0031,SUP-OPT-01,2026-04-01,2026-05-11,2026-05-12,525,525,6.44,Ocean Freight,0.0038,Delivered
PO-10807,PRT-0025,SUP-OPT-02,2025-09-29,2025-11-03,2025-11-12,800,800,4.98,Ocean Freight,0.0021,Delivered
PO-10808,PRT-0010,SUP-ELE-04,2025-03-12,2025-05-11,2025-05-18,750,750,3.25,Ocean Freight,0.0253,Delivered
PO-10809,PRT-0030,SUP-ELE-02,2025-03-15,2025-04-29,2025-04-29,800,800,14.84,Ocean Freight,0.0073,Delivered
PO-10810,PRT-0006,SUP-OPT-01,2025-09-07,2025-10-17,2025-10-14,800,800,5.27,Ocean Freight,0.0003,Delivered
PO-10811,PRT-0041,SUP-OPT-02,2025-01-30,2025-03-06,2025-03-09,300,300,4.8,Ocean Freight,0.0066,Delivered
PO-10812,PRT-0050,SUP-OPT-01,2025-03-28,2025-05-07,2025-05-03,1250,1250,7.23,Ocean Freight,0.0177,Delivered
PO-10813,PRT-0049,SUP-FAS-01,2026-02-04,2026-02-18,2026-02-15,300,300,6.49,Road Logistics,0.0046,Delivered
PO-10814,PRT-0028,SUP-OPT-01,2025-07-26,2025-09-04,2025-09-02,600,502,11.08,Ocean Freight,0.002,Delivered
PO-10815,PRT-0013,SUP-ELE-03,2026-01-10,2026-02-09,2026-01-28,1200,1168,8.64,Road Logistics,0.0178,Delivered
PO-10816,PRT-0034,SUP-MEC-01,2025-04-08,2025-05-13,2025-05-19,200,200,13.82,Road Logistics,0.0106,Delivered
PO-10817,PRT-0016,SUP-ELE-03,2025-04-26,2025-05-26,2025-05-28,5000,5000,0.63,Road Logistics,0.0047,Delivered
PO-10818,PRT-0033,SUP-ELE-02,2025-10-29,2025-12-13,2025-12-17,600,600,15.31,Ocean Freight,0.0143,Delivered
PO-10819,PRT-0020,SUP-MEC-02,2026-05-01,2026-06-20,2026-06-27,400,400,14.6,Ocean Freight,0.0083,Delivered
PO-10820,PRT-0034,SUP-MEC-01,2025-06-22,2025-07-27,2025-08-07,600,587,13.48,Road Logistics,0.0078,Delivered
PO-10821,PRT-0032,SUP-ELE-01,2025-07-03,2025-09-06,2025-09-16,900,900,10.83,Ocean Freight,0.0203,Delivered
PO-10822,PRT-0026,SUP-MEC-01,2025-01-10,2025-02-14,2025-02-11,3000,3000,1.21,Road Logistics,0.035,Delivered
PO-10823,PRT-0014,SUP-ELE-01,2026-01-11,2026-03-17,2026-03-17,800,800,6.63,Ocean Freight,0.0013,Delivered
PO-10824,PRT-0024,SUP-FAS-01,2025-12-31,2026-01-14,2026-01-16,1000,1000,2.44,Road Logistics,0.0029,Delivered
PO-10825,PRT-0050,SUP-OPT-01,2025-10-01,2025-11-10,2025-11-12,1250,1250,7.56,Ocean Freight,0.0065,Delivered
PO-10826,PRT-0043,SUP-ELE-01,2025-02-25,2025-05-01,2025-05-02,500,500,3.98,Ocean Freight,0.0095,Delivered
PO-10827,PRT-0029,SUP-MEC-01,2025-07-14,2025-08-18,2025-08-09,150,150,16.34,Road Logistics,0.0076,Delivered
PO-10828,PRT-0010,SUP-ELE-04,2025-04-16,2025-06-15,2025-06-29,500,500,3.16,Ocean Freight,0.0685,Delivered
PO-10829,PRT-0018,SUP-FAS-01,2025-11-15,2025-11-29,2025-11-29,7500,7500,1.1,Road Logistics,0.0026,Delivered
PO-10830,PRT-0007,SUP-FAS-01,2025-09-19,2025-10-03,2025-09-30,7500,7500,1.21,Road Logistics,0.0086,Delivered
PO-10831,PRT-0007,SUP-FAS-01,2025-09-12,2025-09-26,2025-09-29,2250,2250,1.29,Road Logistics,0.0065,Delivered
PO-10832,PRT-0034,SUP-MEC-01,2025-04-14,2025-05-19,2025-05-27,400,400,13.42,Road Logistics,0.0084,Delivered
PO-10833,PRT-0003,SUP-ELE-02,2025-10-08,2025-11-22,2025-12-02,1500,1441,18.26,Ocean Freight,0.0111,Delivered
PO-10834,PRT-0016,SUP-ELE-03,2025-01-02,2025-02-01,2025-01-29,2500,2500,0.68,Road Logistics,0.0004,Delivered
PO-10835,PRT-0037,SUP-OPT-01,2025-12-09,2026-01-18,2026-01-23,900,900,6.58,Ocean Freight,0.0224,Delivered
PO-10836,PRT-0033,SUP-ELE-02,2025-02-08,2025-03-25,2025-03-10,300,287,14.82,Ocean Freight,0.0008,Delivered
PO-10837,PRT-0019,SUP-MEC-03,2025-05-16,2025-06-13,2025-06-26,450,450,33.89,Road Logistics,0.0106,Delivered
PO-10838,PRT-0003,SUP-ELE-02,2026-03-13,2026-04-27,2026-05-15,1000,1000,18.58,Ocean Freight,0.0049,Delivered
PO-10839,PRT-0008,SUP-FAS-01,2025-02-18,2025-03-04,2025-03-03,2000,2000,1.56,Road Logistics,0.0037,Delivered
PO-10840,PRT-0042,SUP-FAS-01,2025-03-29,2025-04-12,2025-04-08,8000,8000,0.55,Road Logistics,0.0106,Delivered
PO-10841,PRT-0040,SUP-MEC-03,2025-05-18,2025-06-15,2025-06-28,200,200,15.75,Road Logistics,0.019,Delivered
PO-10842,PRT-0008,SUP-FAS-01,2025-07-25,2025-08-08,2025-08-09,6000,4963,1.59,Road Logistics,0.0258,Delivered
PO-10843,PRT-0031,SUP-OPT-01,2026-02-14,2026-03-26,2026-03-23,1050,1050,6.4,Ocean Freight,0.0085,Delivered
PO-10844,PRT-0008,SUP-FAS-01,2025-03-09,2025-03-23,2025-03-22,2000,1768,1.55,Road Logistics,0.0031,Delivered
PO-10845,PRT-0038,SUP-MEC-03,2025-09-05,2025-10-03,2025-10-17,2000,2000,9.18,Road Logistics,0.0072,Delivered
PO-10846,PRT-0025,SUP-OPT-02,2026-02-03,2026-03-10,2026-03-10,800,800,4.98,Ocean Freight,0.0,Delivered
PO-10847,PRT-0047,SUP-ELE-03,2026-04-02,2026-05-02,2026-04-26,750,750,7.63,Road Logistics,0.0001,Delivered
PO-10848,PRT-0027,SUP-MEC-04,2025-08-14,2025-09-25,2025-10-03,150,150,19.77,Ocean Freight,0.1225,Delivered
PO-10849,PRT-0001,SUP-MEC-01,2025-12-27,2026-01-31,2026-02-07,1000,1000,24.79,Road Logistics,0.0033,Delivered
PO-10850,PRT-0037,SUP-OPT-01,2025-04-25,2025-06-04,2025-06-04,600,600,6.95,Ocean Freight,0.0061,Delivered
PO-10851,PRT-0040,SUP-MEC-03,2025-02-18,2025-03-18,2025-03-17,600,600,15.62,Road Logistics,0.0303,Delivered
PO-10852,PRT-0023,SUP-OPT-03,2025-12-06,2025-12-27,2025-12-23,750,750,8.48,Road Logistics,0.0031,Delivered
PO-10853,PRT-0040,SUP-MEC-03,2025-01-28,2025-02-25,2025-02-21,200,200,15.49,Road Logistics,0.0528,Delivered
PO-10854,PRT-0031,SUP-OPT-01,2026-03-13,2026-04-22,2026-04-22,1050,1050,5.99,Ocean Freight,0.0098,Delivered
PO-10855,PRT-0032,SUP-ELE-01,2025-06-14,2025-08-18,2025-08-17,900,900,10.24,Ocean Freight,0.0094,Delivered
PO-10856,PRT-0033,SUP-ELE-02,2025-04-25,2025-06-09,2025-06-10,1500,1500,14.75,Ocean Freight,0.0275,Delivered
PO-10857,PRT-0016,SUP-ELE-03,2025-02-10,2025-03-12,2025-04-09,7500,7500,0.66,Road Logistics,0.0069,Delivered
PO-10858,PRT-0006,SUP-OPT-01,2026-03-15,2026-04-24,2026-04-29,1200,1200,5.24,Ocean Freight,0.0018,Delivered
PO-10859,PRT-0032,SUP-ELE-01,2026-01-17,2026-03-23,2026-04-13,600,600,10.37,Ocean Freight,0.0024,Delivered
PO-10860,PRT-0001,SUP-MEC-01,2026-02-27,2026-04-03,2026-04-10,200,200,25.64,Road Logistics,0.0169,Delivered
PO-10861,PRT-0041,SUP-OPT-02,2025-06-05,2025-07-10,2025-07-14,1500,1500,4.99,Ocean Freight,0.0096,Delivered
PO-10862,PRT-0030,SUP-ELE-02,2025-06-24,2025-08-08,2025-08-10,800,800,15.71,Ocean Freight,0.0063,Delivered
PO-10863,PRT-0030,SUP-ELE-02,2025-06-19,2025-08-03,2025-08-04,2000,2000,15.41,Ocean Freight,0.0035,Delivered
PO-10864,PRT-0046,SUP-OPT-03,2025-12-03,2025-12-24,2025-12-29,700,700,5.72,Road Logistics,0.0043,Delivered
PO-10865,PRT-0049,SUP-FAS-01,2025-12-04,2025-12-18,2025-12-20,450,450,6.45,Road Logistics,0.0234,Delivered
PO-10866,PRT-0041,SUP-OPT-02,2026-02-14,2026-03-21,2026-03-22,600,600,4.87,Ocean Freight,0.0298,Delivered
PO-10867,PRT-0007,SUP-FAS-01,2025-01-24,2025-02-07,2025-02-05,2250,2250,1.29,Road Logistics,0.0056,Delivered
PO-10868,PRT-0048,SUP-MEC-03,2026-01-05,2026-02-02,2026-01-29,3000,3000,1.42,Road Logistics,0.0009,Delivered
PO-10869,PRT-0013,SUP-ELE-03,2025-03-03,2025-04-02,2025-04-06,1800,1800,8.69,Road Logistics,0.0037,Delivered
PO-10870,PRT-0013,SUP-ELE-03,2026-01-02,2026-02-01,2026-02-24,1200,1200,8.38,Road Logistics,0.0006,Delivered
PO-10871,PRT-0041,SUP-OPT-02,2026-03-05,2026-04-09,2026-04-12,1500,1500,5.1,Ocean Freight,0.0241,Delivered
PO-10872,PRT-0030,SUP-ELE-02,2025-12-04,2026-01-18,2026-02-13,2000,1856,15.27,Ocean Freight,0.0076,Delivered
PO-10873,PRT-0004,SUP-ELE-03,2025-10-11,2025-11-10,2025-11-08,1500,1500,4.11,Road Logistics,0.0043,Delivered
PO-10874,PRT-0033,SUP-ELE-02,2026-02-04,2026-03-21,2026-03-17,450,450,14.44,Ocean Freight,0.0005,Delivered
PO-10875,PRT-0009,SUP-OPT-03,2025-02-23,2025-03-16,2025-03-20,750,750,3.96,Road Logistics,0.007,Delivered
PO-10876,PRT-0021,SUP-ELE-02,2025-09-16,2025-10-31,2025-11-05,900,900,27.91,Ocean Freight,0.0006,Delivered
PO-10877,PRT-0045,SUP-FAS-01,2026-01-26,2026-02-09,2026-02-07,3000,3000,0.89,Road Logistics,0.0027,Delivered
PO-10878,PRT-0019,SUP-MEC-03,2025-08-20,2025-09-17,2025-09-18,225,225,33.27,Road Logistics,0.0042,Delivered
PO-10879,PRT-0048,SUP-MEC-03,2025-09-20,2025-10-18,2025-10-29,2000,2000,1.41,Road Logistics,0.0174,Delivered
PO-10880,PRT-0021,SUP-ELE-02,2025-12-31,2026-02-14,2026-02-11,1500,1500,26.9,Ocean Freight,0.0213,Delivered
PO-10881,PRT-0040,SUP-MEC-03,2026-01-01,2026-01-29,2026-02-03,400,400,16.58,Road Logistics,0.0066,Delivered
PO-10882,PRT-0009,SUP-OPT-03,2025-12-30,2026-01-20,2026-01-10,375,375,3.99,Road Logistics,0.0229,Delivered
PO-10883,PRT-0021,SUP-ELE-02,2025-12-30,2026-02-13,2026-03-07,300,300,27.79,Ocean Freight,0.026,Delivered
PO-10884,PRT-0043,SUP-ELE-01,2025-12-30,2026-03-05,2026-03-05,1500,1500,4.27,Ocean Freight,0.009,Delivered
PO-10885,PRT-0035,SUP-ELE-04,2025-05-27,2025-07-26,2025-08-04,1500,1500,5.24,Ocean Freight,0.0298,Delivered
PO-10886,PRT-0002,SUP-MEC-03,2025-07-15,2025-08-12,2025-08-16,450,450,7.53,Road Logistics,0.0404,Delivered
PO-10887,PRT-0018,SUP-FAS-01,2026-01-20,2026-02-03,2026-02-05,2250,1953,1.07,Road Logistics,0.0079,Delivered
PO-10888,PRT-0004,SUP-ELE-03,2025-12-20,2026-01-19,2026-02-06,1000,1000,4.14,Road Logistics,0.0212,Delivered
PO-10889,PRT-0023,SUP-OPT-03,2026-02-21,2026-03-14,2026-03-18,750,750,8.51,Road Logistics,0.0092,Delivered
PO-10890,PRT-0048,SUP-MEC-03,2025-10-15,2025-11-12,2025-11-16,1500,1500,1.41,Road Logistics,0.044,Delivered
PO-10891,PRT-0016,SUP-ELE-03,2025-09-19,2025-10-19,2025-10-19,5000,5000,0.63,Road Logistics,0.0047,Delivered
PO-10892,PRT-0025,SUP-OPT-02,2025-07-18,2025-08-22,2025-08-22,1200,1174,4.74,Ocean Freight,0.0043,Delivered
PO-10893,PRT-0036,SUP-FAS-01,2025-01-28,2025-02-11,2025-02-10,1500,1500,1.76,Road Logistics,0.0069,Delivered
PO-10894,PRT-0050,SUP-OPT-01,2026-03-17,2026-04-26,2026-04-25,750,750,7.5,Ocean Freight,0.0058,Delivered
PO-10895,PRT-0046,SUP-OPT-03,2025-12-30,2026-01-20,2026-01-21,700,700,5.95,Road Logistics,0.0074,Delivered
PO-10896,PRT-0039,SUP-ELE-03,2025-04-11,2025-05-11,2025-05-21,375,375,21.96,Road Logistics,0.0004,Delivered
PO-10897,PRT-0044,SUP-MEC-04,2025-02-08,2025-03-22,2025-04-08,375,327,3.11,Air Expedited,0.0285,Delivered
PO-10898,PRT-0018,SUP-FAS-01,2025-10-12,2025-10-26,2025-10-24,3000,3000,1.11,Road Logistics,0.0011,Delivered
PO-10899,PRT-0017,SUP-FAS-01,2025-01-03,2025-01-17,2025-01-13,6000,6000,0.47,Road Logistics,0.0034,Delivered
PO-10900,PRT-0003,SUP-ELE-02,2025-03-20,2025-05-04,2025-04-19,1000,1000,18.74,Ocean Freight,0.0,Delivered
PO-10901,PRT-0041,SUP-OPT-02,2025-11-12,2025-12-17,2025-12-25,600,600,4.96,Ocean Freight,0.0058,Delivered
PO-10902,PRT-0023,SUP-OPT-03,2025-02-07,2025-02-28,2025-02-28,500,500,8.58,Road Logistics,0.0014,Delivered
PO-10903,PRT-0034,SUP-MEC-01,2025-02-04,2025-03-11,2025-03-17,1000,1000,13.72,Road Logistics,0.0033,Delivered
PO-10904,PRT-0026,SUP-MEC-01,2025-02-17,2025-03-24,2025-03-30,4000,4000,1.13,Road Logistics,0.0339,Delivered
PO-10905,PRT-0022,SUP-ELE-01,2025-06-19,2025-08-23,2025-08-26,1000,1000,17.67,Ocean Freight,0.0025,Delivered
PO-10906,PRT-0040,SUP-MEC-03,2025-09-29,2025-10-27,2025-10-25,600,529,16.67,Road Logistics,0.0262,Delivered
PO-10907,PRT-0001,SUP-MEC-01,2025-02-28,2025-04-04,2025-03-28,400,400,25.51,Road Logistics,0.0267,Delivered
PO-10908,PRT-0040,SUP-MEC-03,2026-04-16,2026-05-14,2026-05-26,1000,1000,15.32,Road Logistics,0.0016,Delivered
PO-10909,PRT-0021,SUP-ELE-02,2025-07-15,2025-08-29,2025-09-04,300,300,27.74,Ocean Freight,0.01,Delivered
PO-10910,PRT-0019,SUP-MEC-03,2025-01-13,2025-02-10,2025-02-06,750,750,32.59,Road Logistics,0.0342,Delivered
PO-10911,PRT-0033,SUP-ELE-02,2025-08-17,2025-10-01,2025-09-26,900,900,15.4,Ocean Freight,0.001,Delivered
PO-10912,PRT-0013,SUP-ELE-03,2025-06-14,2025-07-14,2025-07-14,3000,3000,8.14,Road Logistics,0.0102,Delivered
PO-10913,PRT-0050,SUP-OPT-01,2025-10-03,2025-11-12,2025-11-05,1250,1250,6.95,Ocean Freight,0.0082,Delivered
PO-10914,PRT-0043,SUP-ELE-01,2025-11-19,2026-01-23,2026-01-26,750,750,4.09,Ocean Freight,0.0075,Delivered
PO-10915,PRT-0007,SUP-FAS-01,2025-04-16,2025-04-30,2025-04-30,7500,7500,1.3,Road Logistics,0.0002,Delivered
PO-10916,PRT-0048,SUP-MEC-03,2026-02-01,2026-03-01,2026-03-05,3000,3000,1.46,Road Logistics,0.0451,Delivered
PO-10917,PRT-0048,SUP-MEC-03,2025-12-18,2026-01-15,2026-01-28,1500,1500,1.43,Road Logistics,0.0245,Delivered
PO-10918,PRT-0003,SUP-ELE-02,2025-02-14,2025-03-31,2025-03-30,500,500,18.77,Ocean Freight,0.0088,Delivered
PO-10919,PRT-0036,SUP-FAS-01,2025-02-06,2025-02-20,2025-02-14,7500,7500,1.88,Road Logistics,0.011,Delivered
PO-10920,PRT-0027,SUP-MEC-04,2025-07-18,2025-08-29,2025-09-06,450,450,19.38,Ocean Freight,0.0205,Delivered
PO-10921,PRT-0002,SUP-MEC-03,2025-07-19,2025-08-16,2025-08-18,300,300,7.94,Road Logistics,0.0005,Delivered
PO-10922,PRT-0040,SUP-MEC-03,2025-02-02,2025-03-02,2025-03-05,1000,1000,16.48,Road Logistics,0.033,Delivered
PO-10923,PRT-0023,SUP-OPT-03,2026-04-21,2026-05-12,2026-05-14,1250,1250,8.45,Road Logistics,0.0113,Delivered
PO-10924,PRT-0020,SUP-MEC-02,2025-11-07,2025-12-27,2026-01-05,200,200,15.13,Ocean Freight,0.0074,Delivered
PO-10925,PRT-0025,SUP-OPT-02,2025-07-22,2025-08-26,2025-09-05,400,400,4.84,Ocean Freight,0.0041,Delivered
PO-10926,PRT-0009,SUP-OPT-03,2026-01-18,2026-02-08,2026-02-08,750,750,4.04,Road Logistics,0.0023,Delivered
PO-10927,PRT-0019,SUP-MEC-03,2025-11-21,2025-12-19,2025-12-28,225,225,34.11,Road Logistics,0.0096,Delivered
PO-10928,PRT-0047,SUP-ELE-03,2025-11-28,2025-12-28,2026-01-13,1000,920,7.89,Road Logistics,0.0223,Delivered
PO-10929,PRT-0010,SUP-ELE-04,2025-03-05,2025-05-04,2025-05-23,500,500,3.14,Ocean Freight,0.0757,Delivered
PO-10930,PRT-0006,SUP-OPT-01,2025-06-06,2025-07-16,2025-07-12,600,600,5.62,Ocean Freight,0.0159,Delivered
PO-10931,PRT-0023,SUP-OPT-03,2025-04-19,2025-05-10,2025-05-11,750,728,7.98,Road Logistics,0.0025,Delivered
PO-10932,PRT-0012,SUP-MEC-03,2025-04-24,2025-05-22,2025-06-05,1500,1500,5.47,Road Logistics,0.015,Delivered
PO-10933,PRT-0012,SUP-MEC-03,2025-12-10,2026-01-07,2026-01-14,1500,1500,5.81,Road Logistics,0.0112,Delivered
PO-10934,PRT-0036,SUP-FAS-01,2025-08-25,2025-09-08,2025-09-07,7500,7500,1.84,Road Logistics,0.0131,Delivered
PO-10935,PRT-0017,SUP-FAS-01,2025-02-20,2025-03-06,2025-03-04,4500,4500,0.45,Road Logistics,0.0123,Delivered
PO-10936,PRT-0022,SUP-ELE-01,2025-07-02,2025-09-05,2025-09-12,750,750,16.58,Ocean Freight,0.0026,Delivered
PO-10937,PRT-0019,SUP-MEC-03,2025-11-14,2025-12-12,2025-12-08,150,140,32.82,Road Logistics,0.0119,Delivered
PO-10938,PRT-0040,SUP-MEC-03,2025-12-04,2026-01-01,2026-01-04,400,400,15.48,Road Logistics,0.0168,Delivered
PO-10939,PRT-0037,SUP-OPT-01,2025-07-06,2025-08-15,2025-08-16,600,558,6.72,Ocean Freight,0.0017,Delivered
PO-10940,PRT-0015,SUP-OPT-02,2025-12-31,2026-02-04,2026-02-08,1500,1500,4.27,Ocean Freight,0.0006,Delivered
PO-10941,PRT-0044,SUP-MEC-04,2026-01-11,2026-02-22,2026-02-26,500,500,3.21,Ocean Freight,0.0385,Delivered
PO-10942,PRT-0023,SUP-OPT-03,2026-02-01,2026-02-22,2026-02-20,500,500,7.95,Road Logistics,0.0093,Delivered
PO-10943,PRT-0042,SUP-FAS-01,2025-11-07,2025-11-21,2025-11-17,4000,4000,0.57,Road Logistics,0.0052,Delivered
PO-10944,PRT-0009,SUP-OPT-03,2026-04-02,2026-04-23,2026-04-19,1250,1250,4.0,Road Logistics,0.0031,Delivered
PO-10945,PRT-0041,SUP-OPT-02,2025-02-09,2025-03-16,2025-03-17,300,291,4.98,Ocean Freight,0.0087,Delivered
PO-10946,PRT-0038,SUP-MEC-03,2025-10-24,2025-11-21,2025-11-28,1200,1200,9.2,Road Logistics,0.0096,Delivered
PO-10947,PRT-0003,SUP-ELE-02,2025-10-10,2025-11-24,2025-12-05,1000,1000,19.11,Ocean Freight,0.0024,Delivered
PO-10948,PRT-0031,SUP-OPT-01,2025-12-01,2026-01-10,2026-01-10,525,525,6.08,Ocean Freight,0.0094,Delivered
PO-10949,PRT-0050,SUP-OPT-01,2025-10-29,2025-12-08,2025-12-08,500,500,7.24,Ocean Freight,0.0015,Delivered
PO-10950,PRT-0006,SUP-OPT-01,2025-07-23,2025-09-01,2025-09-06,800,800,5.51,Ocean Freight,0.0085,Delivered
PO-10951,PRT-0040,SUP-MEC-03,2025-12-17,2026-01-14,2026-01-18,300,300,15.46,Road Logistics,0.0218,Delivered
PO-10952,PRT-0011,SUP-MEC-03,2025-04-02,2025-04-30,2025-05-05,1250,1199,11.73,Road Logistics,0.0314,Delivered
PO-10953,PRT-0048,SUP-MEC-03,2026-01-10,2026-02-07,2026-02-07,3000,2767,1.44,Road Logistics,0.0149,Delivered
PO-10954,PRT-0015,SUP-OPT-02,2025-02-02,2025-03-09,2025-03-11,1000,1000,4.14,Ocean Freight,0.0081,Delivered
PO-10955,PRT-0014,SUP-ELE-01,2025-09-23,2025-11-27,2025-12-09,1600,1600,7.09,Ocean Freight,0.0044,Delivered
PO-10956,PRT-0003,SUP-ELE-02,2025-01-21,2025-03-07,2025-03-11,1000,1000,19.06,Ocean Freight,0.0309,Delivered
PO-10957,PRT-0041,SUP-OPT-02,2026-03-01,2026-04-05,2026-04-02,600,600,4.82,Ocean Freight,0.0069,Delivered
PO-10958,PRT-0035,SUP-ELE-04,2025-10-19,2025-12-18,2025-12-29,750,750,5.17,Ocean Freight,0.0815,Delivered
PO-10959,PRT-0038,SUP-MEC-03,2025-12-01,2025-12-29,2025-12-30,400,400,9.34,Road Logistics,0.0019,Delivered
PO-10960,PRT-0015,SUP-OPT-02,2025-09-22,2025-10-27,2025-10-31,1500,1500,4.46,Ocean Freight,0.0091,Delivered
PO-10961,PRT-0032,SUP-ELE-01,2026-02-10,2026-04-16,2026-04-05,1800,1656,10.81,Ocean Freight,0.0118,Delivered
PO-10962,PRT-0029,SUP-MEC-01,2025-03-26,2025-04-30,2025-05-07,225,225,16.59,Road Logistics,0.0317,Delivered
PO-10963,PRT-0014,SUP-ELE-01,2025-03-18,2025-05-22,2025-05-22,1200,1200,6.9,Ocean Freight,0.0023,Delivered
PO-10964,PRT-0008,SUP-FAS-01,2025-12-05,2025-12-19,2025-12-16,3000,3000,1.58,Road Logistics,0.001,Delivered
PO-10965,PRT-0008,SUP-FAS-01,2025-09-04,2025-09-18,2025-09-17,6000,6000,1.62,Road Logistics,0.0046,Delivered
PO-10966,PRT-0042,SUP-FAS-01,2026-03-03,2026-03-17,2026-03-10,12000,12000,0.53,Road Logistics,0.0038,Delivered
PO-10967,PRT-0037,SUP-OPT-01,2025-10-31,2025-12-10,2025-12-08,450,450,6.84,Ocean Freight,0.0003,Delivered
PO-10968,PRT-0037,SUP-OPT-01,2025-03-17,2025-04-26,2025-05-01,300,300,7.09,Ocean Freight,0.0036,Delivered
PO-10969,PRT-0034,SUP-MEC-01,2025-07-27,2025-08-31,2025-09-03,1000,863,14.13,Road Logistics,0.0693,Delivered
PO-10970,PRT-0047,SUP-ELE-03,2025-12-05,2026-01-04,2026-01-23,1000,932,7.71,Road Logistics,0.0054,Delivered
PO-10971,PRT-0031,SUP-OPT-01,2026-03-21,2026-04-30,2026-04-23,1050,1050,6.42,Ocean Freight,0.0156,Delivered
PO-10972,PRT-0039,SUP-ELE-03,2025-03-15,2025-04-14,2025-04-14,1250,1250,21.97,Road Logistics,0.0001,Delivered
PO-10973,PRT-0043,SUP-ELE-01,2025-09-19,2025-11-23,2025-11-22,1000,1000,4.19,Ocean Freight,0.0038,Delivered
PO-10974,PRT-0030,SUP-ELE-02,2025-11-02,2025-12-17,2025-12-13,2000,2000,15.11,Ocean Freight,0.0006,Delivered
PO-10975,PRT-0009,SUP-OPT-03,2025-02-25,2025-03-18,2025-03-13,250,250,4.05,Road Logistics,0.0041,Delivered
PO-10976,PRT-0033,SUP-ELE-02,2025-12-17,2026-01-31,2026-02-01,900,900,15.01,Ocean Freight,0.006,Delivered
PO-10977,PRT-0012,SUP-MEC-03,2025-09-01,2025-09-29,2025-09-29,1500,1500,5.82,Road Logistics,0.0149,Delivered
PO-10978,PRT-0035,SUP-ELE-04,2025-09-15,2025-11-14,2025-11-29,500,500,5.3,Ocean Freight,0.0298,Delivered
PO-10979,PRT-0035,SUP-ELE-04,2026-02-28,2026-04-29,2026-05-12,500,483,5.3,Ocean Freight,0.038,Delivered
PO-10980,PRT-0024,SUP-FAS-01,2026-03-24,2026-04-07,2026-04-07,1000,1000,2.4,Road Logistics,0.0016,Delivered
PO-10981,PRT-0031,SUP-OPT-01,2026-02-09,2026-03-21,2026-03-21,1050,1050,6.4,Ocean Freight,0.0125,Delivered
PO-10982,PRT-0049,SUP-FAS-01,2026-03-05,2026-03-19,2026-03-17,1500,1500,6.32,Road Logistics,0.0027,Delivered
PO-10983,PRT-0031,SUP-OPT-01,2026-01-28,2026-03-09,2026-03-03,525,485,6.29,Ocean Freight,0.0076,Delivered
PO-10984,PRT-0035,SUP-ELE-04,2025-07-29,2025-09-27,2025-09-29,1000,1000,5.32,Ocean Freight,0.0467,Delivered
PO-10985,PRT-0001,SUP-MEC-01,2025-10-23,2025-11-27,2025-11-29,1000,1000,23.54,Road Logistics,0.0053,Delivered
PO-10986,PRT-0042,SUP-FAS-01,2025-04-16,2025-04-30,2025-04-25,8000,8000,0.53,Road Logistics,0.0004,Delivered
PO-10987,PRT-0028,SUP-OPT-01,2025-11-30,2026-01-09,2026-01-07,1000,1000,11.92,Ocean Freight,0.0017,Delivered
PO-10988,PRT-0028,SUP-OPT-01,2025-10-17,2025-11-26,2025-11-24,400,400,12.07,Ocean Freight,0.0314,Delivered
PO-10989,PRT-0026,SUP-MEC-01,2026-01-22,2026-02-26,2026-02-24,3000,3000,1.19,Road Logistics,0.0424,Delivered
PO-10990,PRT-0031,SUP-OPT-01,2025-04-02,2025-05-12,2025-05-11,700,700,6.22,Ocean Freight,0.0199,Delivered
PO-10991,PRT-0020,SUP-MEC-02,2025-10-23,2025-12-12,2025-12-21,400,400,14.44,Ocean Freight,0.0145,Delivered
PO-10992,PRT-0009,SUP-OPT-03,2026-03-14,2026-04-04,2026-03-31,250,250,3.9,Road Logistics,0.0078,Delivered
PO-10993,PRT-0045,SUP-FAS-01,2025-03-24,2025-04-07,2025-04-03,2000,2000,0.85,Road Logistics,0.0019,Delivered
PO-10994,PRT-0022,SUP-ELE-01,2026-02-15,2026-04-21,2026-05-03,2500,2500,17.27,Ocean Freight,0.0087,Delivered
PO-10995,PRT-0004,SUP-ELE-03,2025-03-24,2025-04-23,2025-05-08,1500,1200,3.97,Road Logistics,0.002,Delivered
PO-10996,PRT-0010,SUP-ELE-04,2025-08-30,2025-10-29,2025-11-04,2500,2500,2.99,Ocean Freight,0.0597,Delivered
PO-10997,PRT-0015,SUP-OPT-02,2025-07-09,2025-08-13,2025-08-18,500,500,4.41,Ocean Freight,0.0002,Delivered
PO-10998,PRT-0026,SUP-MEC-01,2025-11-11,2025-12-16,2025-12-25,10000,10000,1.2,Road Logistics,0.0029,Delivered
PO-10999,PRT-0004,SUP-ELE-03,2026-04-30,2026-05-30,2026-05-31,750,750,4.1,Road Logistics,0.0008,Delivered
PO-11000,PRT-0013,SUP-ELE-03,2026-03-12,2026-04-11,2026-04-16,3000,3000,8.09,Road Logistics,0.0011,Delivered
PO-11001,PRT-0039,SUP-ELE-03,2025-09-19,2025-10-19,2025-10-27,1250,1250,22.85,Road Logistics,0.0153,Delivered
PO-11002,PRT-0044,SUP-MEC-04,2025-01-19,2025-03-02,2025-02-26,500,500,3.07,Ocean Freight,0.0195,Delivered
PO-11003,PRT-0011,SUP-MEC-03,2025-02-14,2025-03-14,2025-03-20,500,500,11.11,Road Logistics,0.0067,Delivered
PO-11004,PRT-0026,SUP-MEC-01,2025-07-27,2025-08-31,2025-09-08,10000,10000,1.11,Road Logistics,0.021,Delivered
PO-11005,PRT-0046,SUP-OPT-03,2025-02-05,2025-02-26,2025-02-19,350,350,6.05,Road Logistics,0.0114,Delivered
PO-11006,PRT-0036,SUP-FAS-01,2026-04-14,2026-04-28,2026-04-28,7500,7500,1.88,Road Logistics,0.0279,Delivered
PO-11007,PRT-0018,SUP-FAS-01,2025-04-26,2025-05-10,2025-05-01,7500,6341,1.1,Road Logistics,0.0172,Delivered
PO-11008,PRT-0001,SUP-MEC-01,2025-05-14,2025-06-18,2025-06-22,300,300,23.75,Road Logistics,0.009,Delivered
PO-11009,PRT-0005,SUP-ELE-01,2025-09-15,2025-11-19,2025-12-05,2000,2000,12.13,Ocean Freight,0.0127,Delivered
PO-11010,PRT-0017,SUP-FAS-01,2026-03-25,2026-04-08,2026-04-05,15000,15000,0.46,Road Logistics,0.0043,Delivered
PO-11011,PRT-0045,SUP-FAS-01,2025-08-15,2025-08-29,2025-09-01,6000,6000,0.87,Road Logistics,0.0038,Delivered
PO-11012,PRT-0049,SUP-FAS-01,2025-06-23,2025-07-07,2025-07-07,900,900,6.76,Road Logistics,0.007,Delivered
PO-11013,PRT-0002,SUP-MEC-03,2025-09-04,2025-10-02,2025-10-10,300,300,7.76,Road Logistics,0.0075,Delivered
PO-11014,PRT-0015,SUP-OPT-02,2025-12-13,2026-01-17,2026-01-09,750,750,4.29,Ocean Freight,0.0068,Delivered
PO-11015,PRT-0023,SUP-OPT-03,2025-09-22,2025-10-13,2025-10-16,1250,1250,8.49,Road Logistics,0.001,Delivered
PO-11016,PRT-0016,SUP-ELE-03,2025-05-28,2025-06-27,2025-06-22,2500,2500,0.67,Road Logistics,0.0064,Delivered
PO-11017,PRT-0022,SUP-ELE-01,2025-02-08,2025-04-14,2025-04-11,2500,2371,16.76,Ocean Freight,0.0129,Delivered
PO-11018,PRT-0037,SUP-OPT-01,2025-05-18,2025-06-27,2025-06-30,450,432,7.08,Ocean Freight,0.0005,Delivered
PO-11019,PRT-0032,SUP-ELE-01,2026-01-13,2026-03-19,2026-03-18,900,900,10.21,Ocean Freight,0.0038,Delivered
PO-11020,PRT-0017,SUP-FAS-01,2025-04-16,2025-04-30,2025-04-28,4500,4500,0.44,Road Logistics,0.0166,Delivered
PO-11021,PRT-0040,SUP-MEC-03,2025-07-02,2025-07-30,2025-07-31,300,300,15.44,Road Logistics,0.0147,Delivered
PO-11022,PRT-0006,SUP-OPT-01,2025-12-13,2026-01-22,2026-01-31,1200,1200,5.56,Ocean Freight,0.0017,Delivered
PO-11023,PRT-0035,SUP-ELE-04,2025-01-22,2025-03-23,2025-04-02,1500,1500,5.14,Ocean Freight,0.0315,Delivered
PO-11024,PRT-0037,SUP-OPT-01,2026-03-21,2026-04-30,2026-05-04,600,600,7.13,Ocean Freight,0.0242,Delivered
PO-11025,PRT-0033,SUP-ELE-02,2025-05-24,2025-07-08,2025-07-13,900,900,14.98,Ocean Freight,0.0026,Delivered
PO-11026,PRT-0004,SUP-ELE-03,2025-09-27,2025-10-27,2025-10-26,1500,1500,4.14,Road Logistics,0.0077,Delivered
PO-11027,PRT-0033,SUP-ELE-02,2025-06-27,2025-08-11,2025-08-18,900,900,15.24,Ocean Freight,0.0079,Delivered
PO-11028,PRT-0030,SUP-ELE-02,2025-03-03,2025-04-17,2025-04-22,2000,2000,15.53,Ocean Freight,0.0016,Delivered
PO-11029,PRT-0001,SUP-MEC-01,2025-12-12,2026-01-16,2026-01-27,300,300,23.74,Road Logistics,0.1286,Delivered
PO-11030,PRT-0024,SUP-FAS-01,2025-11-10,2025-11-24,2025-11-24,2000,2000,2.36,Road Logistics,0.0018,Delivered
PO-11031,PRT-0018,SUP-FAS-01,2025-08-30,2025-09-13,2025-09-16,7500,7500,1.07,Road Logistics,0.0051,Delivered
PO-11032,PRT-0028,SUP-OPT-01,2025-04-18,2025-05-28,2025-05-20,600,600,11.43,Ocean Freight,0.0207,Delivered
PO-11033,PRT-0026,SUP-MEC-01,2025-05-24,2025-06-28,2025-06-18,6000,6000,1.12,Road Logistics,0.017,Delivered
PO-11034,PRT-0037,SUP-OPT-01,2025-12-18,2026-01-27,2026-01-25,450,450,6.97,Ocean Freight,0.0207,Delivered
PO-11035,PRT-0016,SUP-ELE-03,2025-10-12,2025-11-11,2025-11-14,7500,7500,0.64,Road Logistics,0.0045,Delivered
PO-11036,PRT-0048,SUP-MEC-03,2025-03-18,2025-04-15,2025-04-19,3000,3000,1.37,Road Logistics,0.0001,Delivered
PO-11037,PRT-0032,SUP-ELE-01,2025-03-10,2025-05-14,2025-05-13,3000,3000,10.28,Ocean Freight,0.0017,Delivered
PO-11038,PRT-0032,SUP-ELE-01,2025-06-03,2025-08-07,2025-08-02,1200,1200,10.52,Ocean Freight,0.0003,Delivered
PO-11039,PRT-0026,SUP-MEC-01,2025-02-20,2025-03-27,2025-03-29,3000,3000,1.19,Road Logistics,0.0098,Delivered
PO-11040,PRT-0031,SUP-OPT-01,2026-03-06,2026-04-15,2026-04-09,350,350,6.14,Ocean Freight,0.0043,Delivered
PO-11041,PRT-0024,SUP-FAS-01,2025-07-04,2025-07-18,2025-07-21,5000,5000,2.48,Road Logistics,0.0032,Delivered
PO-11042,PRT-0023,SUP-OPT-03,2025-01-11,2025-02-01,2025-01-29,750,750,8.51,Road Logistics,0.0117,Delivered
PO-11043,PRT-0039,SUP-ELE-03,2025-04-12,2025-05-12,2025-05-27,1250,1250,22.91,Road Logistics,0.003,Delivered
PO-11044,PRT-0012,SUP-MEC-03,2026-02-04,2026-03-04,2026-03-19,600,600,5.72,Road Logistics,0.0063,Delivered
PO-11045,PRT-0032,SUP-ELE-01,2026-02-01,2026-04-07,2026-04-10,1800,1697,10.25,Ocean Freight,0.0213,Delivered
PO-11046,PRT-0041,SUP-OPT-02,2025-03-16,2025-04-20,2025-04-16,450,450,5.11,Ocean Freight,0.0034,Delivered
PO-11047,PRT-0027,SUP-MEC-04,2025-11-20,2026-01-01,2026-01-09,750,750,20.11,Ocean Freight,0.0852,Delivered
PO-11048,PRT-0005,SUP-ELE-01,2025-02-10,2025-04-16,2025-04-05,1500,1500,12.35,Ocean Freight,0.0094,Delivered
PO-11049,PRT-0042,SUP-FAS-01,2025-05-30,2025-06-13,2025-06-13,8000,8000,0.55,Road Logistics,0.0076,Delivered
PO-11050,PRT-0029,SUP-MEC-01,2026-02-04,2026-03-11,2026-03-22,300,300,16.41,Road Logistics,0.0294,Delivered
PO-11051,PRT-0029,SUP-MEC-01,2025-07-31,2025-09-04,2025-08-31,225,225,15.68,Road Logistics,0.0079,Delivered
PO-11052,PRT-0047,SUP-ELE-03,2025-05-01,2025-05-31,2025-06-16,1000,962,7.35,Road Logistics,0.0017,Delivered
PO-11053,PRT-0011,SUP-MEC-03,2025-07-23,2025-08-20,2025-09-01,250,250,11.7,Road Logistics,0.0105,Delivered
PO-11054,PRT-0031,SUP-OPT-01,2025-10-08,2025-11-17,2025-11-15,350,350,6.17,Ocean Freight,0.002,Delivered
PO-11055,PRT-0049,SUP-FAS-01,2025-02-12,2025-02-26,2025-03-01,300,300,6.33,Road Logistics,0.0002,Delivered
PO-11056,PRT-0042,SUP-FAS-01,2026-04-22,2026-05-06,2026-05-08,12000,12000,0.54,Road Logistics,0.0181,Delivered
PO-11057,PRT-0019,SUP-MEC-03,2025-08-15,2025-09-12,2025-09-19,225,225,33.96,Road Logistics,0.0181,Delivered
PO-11058,PRT-0002,SUP-MEC-03,2025-01-18,2025-02-15,2025-02-18,600,600,7.72,Road Logistics,0.0041,Delivered
PO-11059,PRT-0031,SUP-OPT-01,2025-08-28,2025-10-07,2025-10-12,1750,1667,6.03,Ocean Freight,0.0132,Delivered
PO-11060,PRT-0045,SUP-FAS-01,2025-10-04,2025-10-18,2025-10-18,3000,3000,0.85,Road Logistics,0.0117,Delivered
PO-11061,PRT-0048,SUP-MEC-03,2025-11-22,2025-12-20,2025-12-13,5000,5000,1.42,Road Logistics,0.0063,Delivered
PO-11062,PRT-0035,SUP-ELE-04,2025-06-08,2025-08-07,2025-08-13,1000,1000,5.1,Ocean Freight,0.0334,Delivered
PO-11063,PRT-0006,SUP-OPT-01,2025-08-15,2025-09-24,2025-09-29,800,800,5.31,Ocean Freight,0.0045,Delivered
PO-11064,PRT-0020,SUP-MEC-02,2025-01-06,2025-02-25,2025-03-11,200,200,14.91,Air Expedited,0.0117,Delivered
PO-11065,PRT-0019,SUP-MEC-03,2025-08-29,2025-09-26,2025-09-26,750,750,34.21,Road Logistics,0.0119,Delivered
PO-11066,PRT-0049,SUP-FAS-01,2025-09-02,2025-09-16,2025-09-17,600,600,6.49,Road Logistics,0.0013,Delivered
PO-11067,PRT-0019,SUP-MEC-03,2025-11-02,2025-11-30,2025-11-27,225,225,33.11,Road Logistics,0.0583,Delivered
PO-11068,PRT-0013,SUP-ELE-03,2025-07-30,2025-08-29,2025-08-11,3000,3000,8.25,Road Logistics,0.01,Delivered
PO-11069,PRT-0046,SUP-OPT-03,2026-01-13,2026-02-03,2026-02-03,1050,1050,5.78,Road Logistics,0.0311,Delivered
PO-11070,PRT-0006,SUP-OPT-01,2025-08-05,2025-09-14,2025-09-03,600,600,5.57,Ocean Freight,0.0093,Delivered
PO-11071,PRT-0040,SUP-MEC-03,2026-02-18,2026-03-18,2026-03-22,400,400,16.33,Road Logistics,0.0035,Delivered
PO-11072,PRT-0018,SUP-FAS-01,2025-07-31,2025-08-14,2025-08-11,2250,2250,1.07,Road Logistics,0.016,Delivered
PO-11073,PRT-0019,SUP-MEC-03,2025-02-26,2025-03-26,2025-03-29,450,450,32.29,Road Logistics,0.0078,Delivered
PO-11074,PRT-0040,SUP-MEC-03,2025-09-09,2025-10-07,2025-10-11,300,300,15.48,Road Logistics,0.0084,Delivered
PO-11075,PRT-0035,SUP-ELE-04,2025-01-12,2025-03-13,2025-03-21,750,621,5.05,Ocean Freight,0.0071,Delivered
PO-11076,PRT-0029,SUP-MEC-01,2026-01-08,2026-02-12,2026-02-10,150,150,15.87,Road Logistics,0.0389,Delivered
PO-11077,PRT-0032,SUP-ELE-01,2025-04-22,2025-06-26,2025-06-25,1200,1200,10.72,Ocean Freight,0.0251,Delivered
PO-11078,PRT-0032,SUP-ELE-01,2025-07-10,2025-09-13,2025-09-16,1800,1800,10.01,Ocean Freight,0.0016,Delivered
PO-11079,PRT-0006,SUP-OPT-01,2026-03-08,2026-04-17,2026-04-24,600,600,5.56,Ocean Freight,0.0343,Delivered
PO-11080,PRT-0005,SUP-ELE-01,2025-10-06,2025-12-10,2025-12-16,3000,3000,13.01,Ocean Freight,0.0029,Delivered
PO-11081,PRT-0017,SUP-FAS-01,2026-02-23,2026-03-09,2026-03-06,9000,9000,0.44,Road Logistics,0.0051,Delivered
PO-11082,PRT-0050,SUP-OPT-01,2026-01-01,2026-02-10,2026-02-08,375,375,7.54,Ocean Freight,0.0127,Delivered
PO-11083,PRT-0016,SUP-ELE-03,2026-01-13,2026-02-12,2026-02-21,2500,2500,0.67,Road Logistics,0.0046,Delivered
PO-11084,PRT-0007,SUP-FAS-01,2025-09-24,2025-10-08,2025-10-01,2250,2250,1.28,Road Logistics,0.0187,Delivered
PO-11085,PRT-0020,SUP-MEC-02,2026-04-25,2026-06-14,2026-06-25,400,400,14.87,Ocean Freight,0.0156,Delivered
PO-11086,PRT-0048,SUP-MEC-03,2026-04-25,2026-05-23,2026-05-15,5000,5000,1.38,Road Logistics,0.0269,Delivered
PO-11087,PRT-0041,SUP-OPT-02,2025-06-02,2025-07-07,2025-07-06,450,450,4.73,Ocean Freight,0.0013,Delivered
PO-11088,PRT-0043,SUP-ELE-01,2025-04-22,2025-06-26,2025-06-04,500,500,4.1,Ocean Freight,0.0032,Delivered
PO-11089,PRT-0001,SUP-MEC-01,2025-03-27,2025-05-01,2025-04-30,400,400,24.39,Road Logistics,0.0135,Delivered
PO-11090,PRT-0016,SUP-ELE-03,2025-01-05,2025-02-04,2025-02-07,2500,2500,0.66,Road Logistics,0.0025,Delivered
PO-11091,PRT-0045,SUP-FAS-01,2025-11-02,2025-11-16,2025-11-17,3000,3000,0.82,Road Logistics,0.0398,Delivered
PO-11092,PRT-0011,SUP-MEC-03,2025-09-13,2025-10-11,2025-10-25,250,250,11.09,Road Logistics,0.0765,Delivered
PO-11093,PRT-0049,SUP-FAS-01,2025-11-17,2025-12-01,2025-12-02,300,300,6.62,Road Logistics,0.0018,Delivered
PO-11094,PRT-0045,SUP-FAS-01,2025-10-02,2025-10-16,2025-10-16,2000,2000,0.83,Road Logistics,0.0429,Delivered
PO-11095,PRT-0036,SUP-FAS-01,2026-02-08,2026-02-22,2026-02-24,3000,3000,1.8,Road Logistics,0.0018,Delivered
PO-11096,PRT-0013,SUP-ELE-03,2025-01-11,2025-02-10,2025-02-05,1800,1800,8.17,Road Logistics,0.011,Delivered
PO-11097,PRT-0003,SUP-ELE-02,2025-09-06,2025-10-21,2025-10-24,1500,1500,18.36,Ocean Freight,0.0037,Delivered
PO-11098,PRT-0032,SUP-ELE-01,2025-04-08,2025-06-12,2025-06-22,3000,3000,10.31,Ocean Freight,0.0057,Delivered
PO-11099,PRT-0047,SUP-ELE-03,2025-08-28,2025-09-27,2025-10-22,1000,1000,7.71,Road Logistics,0.0252,Delivered
PO-11100,PRT-0036,SUP-FAS-01,2025-03-24,2025-04-07,2025-04-06,1500,1500,1.8,Road Logistics,0.0068,Delivered
PO-11101,PRT-0017,SUP-FAS-01,2025-10-05,2025-10-19,2025-10-20,6000,6000,0.46,Road Logistics,0.0039,Delivered
PO-11102,PRT-0033,SUP-ELE-02,2025-07-14,2025-08-28,2025-08-24,450,430,14.69,Ocean Freight,0.0155,Delivered
PO-11103,PRT-0040,SUP-MEC-03,2025-05-03,2025-05-31,2025-05-31,400,400,16.21,Road Logistics,0.0013,Delivered
PO-11104,PRT-0035,SUP-ELE-04,2026-02-24,2026-04-25,2026-05-14,1500,1500,5.31,Ocean Freight,0.019,Delivered
PO-11105,PRT-0010,SUP-ELE-04,2025-11-10,2026-01-09,2026-01-15,1000,1000,3.15,Ocean Freight,0.0516,Delivered
PO-11106,PRT-0008,SUP-FAS-01,2025-02-19,2025-03-05,2025-02-28,10000,10000,1.54,Road Logistics,0.0087,Delivered
PO-11107,PRT-0009,SUP-OPT-03,2025-04-02,2025-04-23,2025-04-26,250,250,3.91,Road Logistics,0.0115,Delivered
PO-11108,PRT-0007,SUP-FAS-01,2025-01-17,2025-01-31,2025-01-30,7500,7500,1.24,Road Logistics,0.0006,Delivered
PO-11109,PRT-0032,SUP-ELE-01,2025-09-27,2025-12-01,2025-11-27,3000,3000,10.22,Ocean Freight,0.0143,Delivered
PO-11110,PRT-0024,SUP-FAS-01,2025-04-24,2025-05-08,2025-05-06,5000,5000,2.31,Road Logistics,0.0018,Delivered
PO-11111,PRT-0014,SUP-ELE-01,2025-12-02,2026-02-05,2026-02-03,2400,2327,6.81,Ocean Freight,0.0089,Delivered
PO-11112,PRT-0041,SUP-OPT-02,2025-02-01,2025-03-08,2025-03-08,600,600,5.12,Ocean Freight,0.0024,Delivered
PO-11113,PRT-0027,SUP-MEC-04,2026-02-25,2026-04-08,2026-04-22,300,300,18.73,Ocean Freight,0.0092,Delivered
PO-11114,PRT-0034,SUP-MEC-01,2025-01-21,2025-02-25,2025-02-17,200,200,13.15,Road Logistics,0.0051,Delivered
PO-11115,PRT-0014,SUP-ELE-01,2025-09-23,2025-11-27,2025-12-01,800,800,6.67,Ocean Freight,0.0037,Delivered
PO-11116,PRT-0025,SUP-OPT-02,2025-04-08,2025-05-13,2025-05-13,600,600,4.72,Ocean Freight,0.0102,Delivered
PO-11117,PRT-0041,SUP-OPT-02,2026-05-01,2026-06-05,2026-05-31,450,450,4.95,Ocean Freight,0.0106,Delivered
PO-11118,PRT-0048,SUP-MEC-03,2025-02-24,2025-03-24,2025-04-01,5000,5000,1.4,Road Logistics,0.0075,Delivered
PO-11119,PRT-0043,SUP-ELE-01,2025-08-07,2025-10-11,2025-10-11,500,500,4.0,Ocean Freight,0.0332,Delivered
PO-11120,PRT-0026,SUP-MEC-01,2025-09-16,2025-10-21,2025-10-16,4000,4000,1.16,Road Logistics,0.0198,Delivered
PO-11121,PRT-0039,SUP-ELE-03,2025-08-15,2025-09-14,2025-09-27,500,476,23.62,Road Logistics,0.0213,Delivered
PO-11122,PRT-0024,SUP-FAS-01,2025-07-31,2025-08-14,2025-08-13,3000,3000,2.37,Road Logistics,0.0004,Delivered
PO-11123,PRT-0016,SUP-ELE-03,2025-10-16,2025-11-15,2025-11-03,12500,12500,0.67,Road Logistics,0.0017,Delivered
PO-11124,PRT-0048,SUP-MEC-03,2025-05-11,2025-06-08,2025-06-03,2000,1689,1.39,Road Logistics,0.0064,Delivered
PO-11125,PRT-0047,SUP-ELE-03,2025-01-18,2025-02-17,2025-03-01,1000,1000,7.65,Road Logistics,0.0117,Delivered
PO-11126,PRT-0020,SUP-MEC-02,2025-01-04,2025-02-23,2025-03-03,400,328,14.33,Ocean Freight,0.0352,Delivered
PO-11127,PRT-0050,SUP-OPT-01,2026-02-25,2026-04-06,2026-04-13,500,475,7.28,Ocean Freight,0.0004,Delivered
PO-11128,PRT-0037,SUP-OPT-01,2025-03-21,2025-04-30,2025-04-30,300,300,6.75,Ocean Freight,0.0031,Delivered
PO-11129,PRT-0009,SUP-OPT-03,2025-05-16,2025-06-06,2025-06-08,500,467,3.83,Road Logistics,0.014,Delivered
PO-11130,PRT-0020,SUP-MEC-02,2025-02-17,2025-04-08,2025-04-12,1000,1000,15.12,Ocean Freight,0.0363,Delivered
PO-11131,PRT-0047,SUP-ELE-03,2025-02-09,2025-03-11,2025-03-10,1000,1000,7.41,Road Logistics,0.0154,Delivered
PO-11132,PRT-0045,SUP-FAS-01,2025-12-26,2026-01-09,2026-01-08,10000,10000,0.82,Road Logistics,0.0004,Delivered
PO-11133,PRT-0042,SUP-FAS-01,2025-06-03,2025-06-17,2025-06-14,4000,4000,0.56,Road Logistics,0.004,Delivered
PO-11134,PRT-0006,SUP-OPT-01,2026-02-04,2026-03-16,2026-03-18,400,376,5.61,Ocean Freight,0.01,Delivered
PO-11135,PRT-0028,SUP-OPT-01,2025-08-02,2025-09-11,2025-09-09,200,200,11.27,Ocean Freight,0.0092,Delivered
PO-11136,PRT-0042,SUP-FAS-01,2026-03-11,2026-03-25,2026-03-21,20000,19160,0.56,Road Logistics,0.0002,Delivered
PO-11137,PRT-0004,SUP-ELE-03,2025-06-06,2025-07-06,2025-07-20,2500,2500,4.14,Road Logistics,0.0285,Delivered
PO-11138,PRT-0010,SUP-ELE-04,2025-06-17,2025-08-16,2025-09-05,2500,2500,3.02,Ocean Freight,0.0591,Delivered
PO-11139,PRT-0026,SUP-MEC-01,2025-08-17,2025-09-21,2025-09-20,10000,10000,1.11,Road Logistics,0.0145,Delivered
PO-11140,PRT-0028,SUP-OPT-01,2025-05-29,2025-07-08,2025-07-12,600,600,11.39,Ocean Freight,0.0005,Delivered
PO-11141,PRT-0031,SUP-OPT-01,2025-10-20,2025-11-29,2025-11-19,350,350,6.1,Ocean Freight,0.0083,Delivered
PO-11142,PRT-0026,SUP-MEC-01,2025-09-14,2025-10-19,2025-10-09,6000,6000,1.12,Road Logistics,0.0151,Delivered
PO-11143,PRT-0009,SUP-OPT-03,2025-09-04,2025-09-25,2025-09-29,1250,1250,3.88,Road Logistics,0.0093,Delivered
PO-11144,PRT-0037,SUP-OPT-01,2025-04-11,2025-05-21,2025-05-18,1500,1500,6.98,Ocean Freight,0.0091,Delivered
PO-11145,PRT-0016,SUP-ELE-03,2025-05-05,2025-06-04,2025-06-19,2500,2500,0.65,Road Logistics,0.0177,Delivered
PO-11146,PRT-0044,SUP-MEC-04,2026-04-19,2026-05-31,2026-05-30,1250,1250,3.27,Ocean Freight,0.0164,Delivered
PO-11147,PRT-0028,SUP-OPT-01,2025-07-07,2025-08-16,2025-08-19,400,400,11.4,Ocean Freight,0.0155,Delivered
PO-11148,PRT-0042,SUP-FAS-01,2025-01-13,2025-01-27,2025-01-27,8000,8000,0.55,Road Logistics,0.0017,Delivered
PO-11149,PRT-0029,SUP-MEC-01,2025-11-16,2025-12-21,2025-12-27,225,225,17.0,Road Logistics,0.0118,Delivered
PO-11150,PRT-0015,SUP-OPT-02,2025-04-13,2025-05-18,2025-05-21,1000,1000,4.41,Ocean Freight,0.0075,Delivered
PO-11151,PRT-0006,SUP-OPT-01,2025-02-27,2025-04-08,2025-04-06,400,400,5.49,Ocean Freight,0.0005,Delivered
PO-11152,PRT-0010,SUP-ELE-04,2026-03-21,2026-05-20,2026-05-31,1000,1000,3.17,Ocean Freight,0.0299,Delivered
PO-11153,PRT-0008,SUP-FAS-01,2025-06-06,2025-06-20,2025-06-15,6000,6000,1.58,Road Logistics,0.0024,Delivered
PO-11154,PRT-0048,SUP-MEC-03,2025-10-03,2025-10-31,2025-11-13,1500,1500,1.41,Road Logistics,0.0047,Delivered
PO-11155,PRT-0017,SUP-FAS-01,2025-10-08,2025-10-22,2025-10-21,9000,9000,0.47,Road Logistics,0.0173,Delivered
PO-11156,PRT-0045,SUP-FAS-01,2025-12-24,2026-01-07,2026-01-03,2000,2000,0.89,Road Logistics,0.0009,Delivered
PO-11157,PRT-0034,SUP-MEC-01,2025-01-23,2025-02-27,2025-03-12,400,400,13.4,Road Logistics,0.0386,Delivered
PO-11158,PRT-0045,SUP-FAS-01,2025-11-13,2025-11-27,2025-11-27,4000,4000,0.87,Road Logistics,0.0119,Delivered
PO-11159,PRT-0001,SUP-MEC-01,2025-02-04,2025-03-11,2025-03-18,600,600,24.98,Road Logistics,0.0198,Delivered
PO-11160,PRT-0043,SUP-ELE-01,2025-07-04,2025-09-07,2025-09-15,500,500,4.26,Ocean Freight,0.0017,Delivered
PO-11161,PRT-0042,SUP-FAS-01,2025-07-17,2025-07-31,2025-08-01,6000,5105,0.56,Road Logistics,0.002,Delivered
PO-11162,PRT-0021,SUP-ELE-02,2025-09-06,2025-10-21,2025-10-25,1500,1500,26.86,Ocean Freight,0.0173,Delivered
PO-11163,PRT-0033,SUP-ELE-02,2025-08-23,2025-10-07,2025-09-29,1500,1381,14.54,Ocean Freight,0.0013,Delivered
PO-11164,PRT-0034,SUP-MEC-01,2025-06-06,2025-07-11,2025-07-22,400,400,13.97,Road Logistics,0.0337,Delivered
PO-11165,PRT-0002,SUP-MEC-03,2025-06-27,2025-07-25,2025-07-20,600,600,7.7,Road Logistics,0.006,Delivered
PO-11166,PRT-0033,SUP-ELE-02,2025-05-22,2025-07-06,2025-07-12,300,300,15.38,Ocean Freight,0.0026,Delivered
PO-11167,PRT-0002,SUP-MEC-03,2026-04-29,2026-05-27,2026-05-31,1500,1400,7.73,Road Logistics,0.007,Delivered
PO-11168,PRT-0026,SUP-MEC-01,2025-12-03,2026-01-07,2026-01-09,3000,3000,1.14,Road Logistics,0.0065,Delivered
PO-11169,PRT-0044,SUP-MEC-04,2025-11-10,2025-12-22,2026-01-03,375,375,3.24,Ocean Freight,0.0112,Delivered
PO-11170,PRT-0028,SUP-OPT-01,2025-06-09,2025-07-19,2025-07-15,1000,1000,11.6,Ocean Freight,0.0009,Delivered
PO-11171,PRT-0014,SUP-ELE-01,2025-12-01,2026-02-04,2026-02-17,1200,1200,6.95,Air Expedited,0.0058,Delivered
PO-11172,PRT-0009,SUP-OPT-03,2025-06-08,2025-06-29,2025-07-04,1250,1182,4.06,Road Logistics,0.0026,Delivered
PO-11173,PRT-0050,SUP-OPT-01,2025-03-16,2025-04-25,2025-04-23,1250,1173,7.27,Ocean Freight,0.0067,Delivered
PO-11174,PRT-0047,SUP-ELE-03,2025-03-02,2025-04-01,2025-03-30,750,750,7.9,Road Logistics,0.0296,Delivered
PO-11175,PRT-0047,SUP-ELE-03,2025-01-16,2025-02-15,2025-02-15,1000,944,7.58,Road Logistics,0.0128,Delivered
PO-11176,PRT-0029,SUP-MEC-01,2026-01-17,2026-02-21,2026-02-28,300,300,15.92,Road Logistics,0.0022,Delivered
PO-11177,PRT-0009,SUP-OPT-03,2025-04-05,2025-04-26,2025-04-27,250,250,3.96,Road Logistics,0.0112,Delivered
PO-11178,PRT-0018,SUP-FAS-01,2025-11-07,2025-11-21,2025-11-19,7500,7500,1.12,Road Logistics,0.0204,Delivered
PO-11179,PRT-0015,SUP-OPT-02,2025-12-18,2026-01-22,2026-01-20,500,500,4.39,Ocean Freight,0.0097,Delivered
PO-11180,PRT-0031,SUP-OPT-01,2025-03-10,2025-04-19,2025-04-25,1750,1750,6.21,Ocean Freight,0.0015,Delivered
PO-11181,PRT-0042,SUP-FAS-01,2025-07-11,2025-07-25,2025-07-25,6000,6000,0.55,Road Logistics,0.0048,Delivered
PO-11182,PRT-0009,SUP-OPT-03,2025-03-25,2025-04-15,2025-04-14,375,375,3.89,Road Logistics,0.0136,Delivered
PO-11183,PRT-0001,SUP-MEC-01,2026-04-19,2026-05-24,2026-05-22,400,373,25.0,Road Logistics,0.0057,Delivered
PO-11184,PRT-0013,SUP-ELE-03,2026-01-23,2026-02-22,2026-02-28,900,900,8.76,Road Logistics,0.0324,Delivered
PO-11185,PRT-0029,SUP-MEC-01,2026-03-20,2026-04-24,2026-04-24,750,750,16.12,Road Logistics,0.0093,Delivered
PO-11186,PRT-0030,SUP-ELE-02,2026-03-31,2026-05-15,2026-05-19,600,600,15.65,Ocean Freight,0.0044,Delivered
PO-11187,PRT-0039,SUP-ELE-03,2026-01-12,2026-02-11,2026-02-13,750,750,22.4,Road Logistics,0.0005,Delivered
PO-11188,PRT-0048,SUP-MEC-03,2025-10-20,2025-11-17,2025-11-23,5000,5000,1.42,Road Logistics,0.019,Delivered
PO-11189,PRT-0046,SUP-OPT-03,2026-02-07,2026-02-28,2026-03-05,350,350,5.9,Road Logistics,0.0113,Delivered
PO-11190,PRT-0003,SUP-ELE-02,2026-03-26,2026-05-10,2026-05-04,750,750,18.12,Ocean Freight,0.0006,Delivered
PO-11191,PRT-0048,SUP-MEC-03,2025-01-21,2025-02-18,2025-02-07,5000,5000,1.44,Road Logistics,0.0459,Delivered
PO-11192,PRT-0004,SUP-ELE-03,2025-04-08,2025-05-08,2025-05-22,1000,1000,4.26,Road Logistics,0.0043,Delivered
PO-11193,PRT-0050,SUP-OPT-01,2026-02-28,2026-04-09,2026-04-04,500,500,7.19,Ocean Freight,0.0011,Delivered
PO-11194,PRT-0040,SUP-MEC-03,2026-04-16,2026-05-14,2026-05-12,200,200,16.56,Road Logistics,0.0082,Delivered
PO-11195,PRT-0030,SUP-ELE-02,2026-03-01,2026-04-15,2026-03-31,1200,1200,15.28,Ocean Freight,0.0231,Delivered
PO-11196,PRT-0012,SUP-MEC-03,2026-02-03,2026-03-03,2026-03-02,1500,1442,5.44,Road Logistics,0.0033,Delivered
PO-11197,PRT-0027,SUP-MEC-04,2025-06-15,2025-07-27,2025-08-10,450,450,19.42,Ocean Freight,0.0101,Delivered
PO-11198,PRT-0013,SUP-ELE-03,2026-03-28,2026-04-27,2026-05-09,1800,1800,8.31,Road Logistics,0.0078,Delivered
PO-11199,PRT-0042,SUP-FAS-01,2026-04-10,2026-04-24,2026-04-21,6000,6000,0.53,Road Logistics,0.0168,Delivered
PO-11200,PRT-0008,SUP-FAS-01,2025-12-28,2026-01-11,2026-01-08,6000,6000,1.55,Road Logistics,0.0097,Delivered
PO-11201,PRT-0046,SUP-OPT-03,2025-07-16,2025-08-06,2025-07-25,1750,1750,5.75,Road Logistics,0.0099,Delivered
PO-11202,PRT-0036,SUP-FAS-01,2025-07-14,2025-07-28,2025-07-19,1500,1500,1.88,Road Logistics,0.0208,Delivered
PO-11203,PRT-0037,SUP-OPT-01,2026-03-23,2026-05-02,2026-05-08,450,450,6.62,Ocean Freight,0.0083,Delivered
PO-11204,PRT-0050,SUP-OPT-01,2025-12-31,2026-02-09,2026-02-09,250,250,7.11,Ocean Freight,0.0024,Delivered
PO-11205,PRT-0050,SUP-OPT-01,2025-08-17,2025-09-26,2025-09-29,500,500,6.99,Ocean Freight,0.0059,Delivered
PO-11206,PRT-0009,SUP-OPT-03,2025-04-14,2025-05-05,2025-05-14,250,250,3.83,Road Logistics,0.0038,Delivered
PO-11207,PRT-0030,SUP-ELE-02,2025-09-12,2025-10-27,2025-10-23,1200,1200,14.6,Ocean Freight,0.0131,Delivered
PO-11208,PRT-0032,SUP-ELE-01,2025-05-02,2025-07-06,2025-07-05,900,900,10.43,Ocean Freight,0.0226,Delivered
PO-11209,PRT-0027,SUP-MEC-04,2025-08-15,2025-09-26,2025-10-10,150,150,18.64,Ocean Freight,0.0035,Delivered
PO-11210,PRT-0018,SUP-FAS-01,2025-11-14,2025-11-28,2025-11-23,7500,7500,1.08,Road Logistics,0.0098,Delivered
PO-11211,PRT-0012,SUP-MEC-03,2025-03-17,2025-04-14,2025-04-22,300,300,5.39,Road Logistics,0.0531,Delivered
PO-11212,PRT-0003,SUP-ELE-02,2025-12-08,2026-01-22,2026-01-20,2500,2500,17.96,Ocean Freight,0.0314,Delivered
PO-11213,PRT-0006,SUP-OPT-01,2025-01-26,2025-03-07,2025-03-04,400,400,5.27,Ocean Freight,0.0021,Delivered
PO-11214,PRT-0044,SUP-MEC-04,2025-05-26,2025-07-07,2025-07-05,1250,1250,3.27,Ocean Freight,0.0044,Delivered
PO-11215,PRT-0037,SUP-OPT-01,2026-02-08,2026-03-20,2026-03-19,1500,1500,6.81,Ocean Freight,0.0014,Delivered
PO-11216,PRT-0038,SUP-MEC-03,2025-07-04,2025-08-01,2025-07-31,400,400,9.28,Road Logistics,0.0207,Delivered
PO-11217,PRT-0024,SUP-FAS-01,2026-04-05,2026-04-19,2026-04-14,3000,3000,2.47,Road Logistics,0.013,Delivered
PO-11218,PRT-0036,SUP-FAS-01,2025-02-03,2025-02-17,2025-02-15,3000,3000,1.75,Road Logistics,0.0112,Delivered
PO-11219,PRT-0018,SUP-FAS-01,2025-06-18,2025-07-02,2025-06-30,7500,7500,1.08,Road Logistics,0.0008,Delivered
PO-11220,PRT-0014,SUP-ELE-01,2025-11-10,2026-01-14,2026-01-23,800,800,6.97,Ocean Freight,0.0155,Delivered
PO-11221,PRT-0041,SUP-OPT-02,2025-09-28,2025-11-02,2025-11-04,300,300,5.01,Ocean Freight,0.0011,Delivered
PO-11222,PRT-0046,SUP-OPT-03,2025-05-28,2025-06-18,2025-06-23,1050,1050,5.83,Road Logistics,0.0001,Delivered
PO-11223,PRT-0034,SUP-MEC-01,2025-10-22,2025-11-26,2025-11-29,1000,1000,13.21,Road Logistics,0.0007,Delivered
PO-11224,PRT-0037,SUP-OPT-01,2025-09-12,2025-10-22,2025-10-22,1500,1500,6.83,Ocean Freight,0.01,Delivered
PO-11225,PRT-0012,SUP-MEC-03,2026-03-29,2026-04-26,2026-04-30,1500,1500,5.52,Road Logistics,0.0056,Delivered
PO-11226,PRT-0013,SUP-ELE-03,2025-01-01,2025-01-31,2025-02-14,600,600,8.54,Road Logistics,0.0286,Delivered
PO-11227,PRT-0008,SUP-FAS-01,2026-01-13,2026-01-27,2026-01-26,3000,3000,1.68,Road Logistics,0.0023,Delivered
PO-11228,PRT-0027,SUP-MEC-04,2025-01-24,2025-03-07,2025-03-14,300,300,20.03,Ocean Freight,0.0147,Delivered
PO-11229,PRT-0014,SUP-ELE-01,2025-01-06,2025-03-12,2025-04-03,1200,1200,6.68,Air Expedited,0.0043,Delivered
PO-11230,PRT-0020,SUP-MEC-02,2025-09-17,2025-11-06,2025-11-08,1000,1000,13.93,Ocean Freight,0.0093,Delivered
PO-11231,PRT-0044,SUP-MEC-04,2025-06-20,2025-08-01,2025-08-01,500,500,3.24,Ocean Freight,0.0272,Delivered
PO-11232,PRT-0002,SUP-MEC-03,2026-03-03,2026-03-31,2026-03-27,450,450,8.07,Road Logistics,0.0054,Delivered
PO-11233,PRT-0044,SUP-MEC-04,2025-09-03,2025-10-15,2025-10-25,750,750,3.26,Ocean Freight,0.0269,Delivered
PO-11234,PRT-0031,SUP-OPT-01,2025-03-21,2025-04-30,2025-04-30,1050,999,6.14,Ocean Freight,0.006,Delivered
PO-11235,PRT-0027,SUP-MEC-04,2026-04-21,2026-06-02,2026-06-10,150,150,19.15,Ocean Freight,0.014,Delivered
PO-11236,PRT-0047,SUP-ELE-03,2025-12-14,2026-01-13,2026-01-21,1000,1000,7.31,Road Logistics,0.0042,Delivered
PO-11237,PRT-0037,SUP-OPT-01,2025-12-17,2026-01-26,2026-02-06,600,600,7.07,Ocean Freight,0.0023,Delivered
PO-11238,PRT-0023,SUP-OPT-03,2025-02-03,2025-02-24,2025-02-16,375,375,7.9,Road Logistics,0.001,Delivered
PO-11239,PRT-0025,SUP-OPT-02,2025-11-17,2025-12-22,2025-12-24,2000,2000,4.85,Ocean Freight,0.0015,Delivered
PO-11240,PRT-0025,SUP-OPT-02,2025-04-06,2025-05-11,2025-05-15,2000,2000,4.95,Ocean Freight,0.008,Delivered
PO-11241,PRT-0020,SUP-MEC-02,2025-12-28,2026-02-16,2026-02-23,400,400,14.27,Ocean Freight,0.0173,Delivered
PO-11242,PRT-0006,SUP-OPT-01,2025-09-12,2025-10-22,2025-10-19,600,600,5.59,Ocean Freight,0.0111,Delivered
PO-11243,PRT-0020,SUP-MEC-02,2025-04-21,2025-06-10,2025-06-08,1000,1000,14.07,Ocean Freight,0.05,Delivered
PO-11244,PRT-0003,SUP-ELE-02,2026-02-03,2026-03-20,2026-03-29,750,709,17.51,Ocean Freight,0.0005,Delivered
PO-11245,PRT-0031,SUP-OPT-01,2026-04-09,2026-05-19,2026-05-20,1750,1750,6.14,Ocean Freight,0.0037,Delivered
PO-11246,PRT-0031,SUP-OPT-01,2026-01-11,2026-02-20,2026-02-23,1750,1750,6.13,Ocean Freight,0.0012,Delivered
PO-11247,PRT-0050,SUP-OPT-01,2026-03-23,2026-05-02,2026-04-29,250,250,7.52,Ocean Freight,0.0018,Delivered
PO-11248,PRT-0044,SUP-MEC-04,2025-03-09,2025-04-20,2025-04-24,375,375,3.2,Ocean Freight,0.025,Delivered
PO-11249,PRT-0046,SUP-OPT-03,2026-03-19,2026-04-09,2026-04-10,1750,1750,5.83,Road Logistics,0.0092,Delivered
PO-11250,PRT-0003,SUP-ELE-02,2025-12-18,2026-02-01,2026-02-06,2500,2500,18.02,Ocean Freight,0.0,Delivered
PO-11251,PRT-0003,SUP-ELE-02,2025-02-22,2025-04-08,2025-04-25,2500,2500,18.69,Air Expedited,0.0015,Delivered
PO-11252,PRT-0049,SUP-FAS-01,2025-06-09,2025-06-23,2025-06-18,450,450,6.35,Road Logistics,0.0066,Delivered
PO-11253,PRT-0018,SUP-FAS-01,2025-09-30,2025-10-14,2025-10-10,3000,3000,1.12,Road Logistics,0.0085,Delivered
PO-11254,PRT-0018,SUP-FAS-01,2025-03-18,2025-04-01,2025-04-03,2250,2250,1.06,Road Logistics,0.0009,Delivered
PO-11255,PRT-0040,SUP-MEC-03,2025-10-14,2025-11-11,2025-11-15,1000,1000,16.04,Road Logistics,0.0315,Delivered
PO-11256,PRT-0036,SUP-FAS-01,2025-06-13,2025-06-27,2025-06-28,3000,3000,1.84,Road Logistics,0.0011,Delivered
PO-11257,PRT-0019,SUP-MEC-03,2025-10-21,2025-11-18,2025-11-17,225,225,32.41,Road Logistics,0.0081,Delivered
PO-11258,PRT-0022,SUP-ELE-01,2025-10-04,2025-12-08,2025-12-05,1500,1500,16.27,Ocean Freight,0.0046,Delivered
PO-11259,PRT-0044,SUP-MEC-04,2025-01-26,2025-03-09,2025-03-14,250,250,3.1,Ocean Freight,0.0957,Delivered
PO-11260,PRT-0026,SUP-MEC-01,2025-04-02,2025-05-07,2025-05-05,10000,9577,1.18,Road Logistics,0.0056,Delivered
PO-11261,PRT-0029,SUP-MEC-01,2025-11-12,2025-12-17,2025-12-18,300,300,16.85,Road Logistics,0.0073,Delivered
PO-11262,PRT-0046,SUP-OPT-03,2026-01-24,2026-02-14,2026-02-18,1750,1750,6.15,Road Logistics,0.0112,Delivered
PO-11263,PRT-0049,SUP-FAS-01,2025-08-27,2025-09-10,2025-09-06,1500,1500,6.72,Road Logistics,0.0022,Delivered
PO-11264,PRT-0045,SUP-FAS-01,2025-08-28,2025-09-11,2025-09-08,2000,2000,0.87,Road Logistics,0.018,Delivered
PO-11265,PRT-0046,SUP-OPT-03,2026-01-28,2026-02-18,2026-02-15,1050,1050,6.17,Road Logistics,0.0048,Delivered
PO-11266,PRT-0010,SUP-ELE-04,2026-03-17,2026-05-16,2026-05-17,2500,2500,3.08,Ocean Freight,0.0335,Delivered
PO-11267,PRT-0012,SUP-MEC-03,2025-12-25,2026-01-22,2026-01-20,600,600,5.82,Road Logistics,0.0127,Delivered
PO-11268,PRT-0030,SUP-ELE-02,2025-09-07,2025-10-22,2025-10-31,400,400,14.75,Ocean Freight,0.0016,Delivered
PO-11269,PRT-0031,SUP-OPT-01,2025-08-25,2025-10-04,2025-10-05,525,525,6.15,Ocean Freight,0.0012,Delivered
PO-11270,PRT-0037,SUP-OPT-01,2025-03-07,2025-04-16,2025-04-14,1500,1500,7.03,Ocean Freight,0.0064,Delivered
PO-11271,PRT-0007,SUP-FAS-01,2025-06-16,2025-06-30,2025-06-25,7500,7500,1.29,Road Logistics,0.0039,Delivered
PO-11272,PRT-0035,SUP-ELE-04,2025-08-25,2025-10-24,2025-11-16,1500,1500,5.1,Air Expedited,0.0894,Delivered
PO-11273,PRT-0011,SUP-MEC-03,2025-09-04,2025-10-02,2025-09-29,750,750,10.96,Road Logistics,0.0229,Delivered
PO-11274,PRT-0045,SUP-FAS-01,2025-10-30,2025-11-13,2025-11-10,6000,6000,0.85,Road Logistics,0.0051,Delivered
PO-11275,PRT-0022,SUP-ELE-01,2025-10-06,2025-12-10,2025-12-23,750,750,17.24,Ocean Freight,0.0098,Delivered
PO-11276,PRT-0046,SUP-OPT-03,2025-10-21,2025-11-11,2025-11-09,1050,1050,5.98,Road Logistics,0.001,Delivered
PO-11277,PRT-0021,SUP-ELE-02,2025-10-12,2025-11-26,2025-11-30,300,300,26.84,Ocean Freight,0.029,Delivered
PO-11278,PRT-0026,SUP-MEC-01,2025-02-05,2025-03-12,2025-03-20,10000,10000,1.19,Road Logistics,0.0024,Delivered
PO-11279,PRT-0050,SUP-OPT-01,2026-02-24,2026-04-05,2026-04-10,750,750,7.33,Ocean Freight,0.0022,Delivered
PO-11280,PRT-0004,SUP-ELE-03,2025-02-16,2025-03-18,2025-03-20,750,750,4.26,Road Logistics,0.0126,Delivered
PO-11281,PRT-0049,SUP-FAS-01,2025-11-22,2025-12-06,2025-12-05,300,300,6.63,Road Logistics,0.0018,Delivered
PO-11282,PRT-0029,SUP-MEC-01,2025-09-30,2025-11-04,2025-11-07,300,300,16.5,Road Logistics,0.0148,Delivered
PO-11283,PRT-0013,SUP-ELE-03,2025-04-16,2025-05-16,2025-05-20,1200,1200,8.66,Road Logistics,0.0162,Delivered
PO-11284,PRT-0044,SUP-MEC-04,2025-06-05,2025-07-17,2025-07-17,750,750,3.34,Ocean Freight,0.0117,Delivered
PO-11285,PRT-0006,SUP-OPT-01,2025-10-26,2025-12-05,2025-12-02,400,400,5.43,Ocean Freight,0.0058,Delivered
PO-11286,PRT-0009,SUP-OPT-03,2026-03-13,2026-04-03,2026-04-08,500,500,4.06,Road Logistics,0.0038,Delivered
PO-11287,PRT-0004,SUP-ELE-03,2025-01-01,2025-01-31,2025-01-16,2500,2500,4.07,Road Logistics,0.0031,Delivered
PO-11288,PRT-0019,SUP-MEC-03,2026-03-20,2026-04-17,2026-04-21,150,150,33.56,Road Logistics,0.0215,Delivered
PO-11289,PRT-0026,SUP-MEC-01,2025-11-17,2025-12-22,2025-12-23,4000,4000,1.15,Road Logistics,0.0125,Delivered
PO-11290,PRT-0028,SUP-OPT-01,2025-10-07,2025-11-16,2025-11-19,300,300,11.53,Ocean Freight,0.0008,Delivered
PO-11291,PRT-0013,SUP-ELE-03,2025-10-12,2025-11-11,2025-10-26,1800,1800,8.34,Road Logistics,0.0003,Delivered
PO-11292,PRT-0027,SUP-MEC-04,2025-03-20,2025-05-01,2025-05-16,300,260,18.86,Air Expedited,0.0349,Delivered
PO-11293,PRT-0002,SUP-MEC-03,2025-03-15,2025-04-12,2025-04-03,900,900,8.17,Road Logistics,0.0103,Delivered
PO-11294,PRT-0009,SUP-OPT-03,2025-02-13,2025-03-06,2025-03-11,375,375,3.89,Road Logistics,0.0046,Delivered
PO-11295,PRT-0030,SUP-ELE-02,2026-04-03,2026-05-18,2026-05-19,2000,1914,15.21,Ocean Freight,0.0079,Delivered
PO-11296,PRT-0028,SUP-OPT-01,2025-10-10,2025-11-19,2025-11-19,600,600,11.27,Ocean Freight,0.0207,Delivered
PO-11297,PRT-0028,SUP-OPT-01,2025-11-06,2025-12-16,2025-12-18,200,200,11.92,Ocean Freight,0.0247,Delivered
PO-11298,PRT-0016,SUP-ELE-03,2025-12-31,2026-01-30,2026-02-06,12500,12500,0.68,Road Logistics,0.0029,Delivered
PO-11299,PRT-0037,SUP-OPT-01,2025-07-07,2025-08-16,2025-08-09,300,257,6.96,Ocean Freight,0.0037,Delivered
PO-11300,PRT-0008,SUP-FAS-01,2025-10-25,2025-11-08,2025-11-03,6000,4848,1.64,Road Logistics,0.0086,Delivered
PO-11301,PRT-0034,SUP-MEC-01,2026-03-16,2026-04-20,2026-04-21,400,400,13.15,Road Logistics,0.0281,Delivered
PO-11302,PRT-0040,SUP-MEC-03,2025-02-15,2025-03-15,2025-03-21,300,300,16.33,Road Logistics,0.0833,Delivered
PO-11303,PRT-0043,SUP-ELE-01,2025-02-09,2025-04-15,2025-04-04,2500,2500,4.05,Ocean Freight,0.0073,Delivered
PO-11304,PRT-0004,SUP-ELE-03,2026-04-08,2026-05-08,2026-05-22,1000,1000,3.94,Road Logistics,0.0007,Delivered
PO-11305,PRT-0030,SUP-ELE-02,2025-09-20,2025-11-04,2025-11-03,1200,1200,15.05,Ocean Freight,0.0376,Delivered
PO-11306,PRT-0023,SUP-OPT-03,2026-02-13,2026-03-06,2026-02-27,500,500,7.9,Road Logistics,0.0046,Delivered
PO-11307,PRT-0039,SUP-ELE-03,2026-01-19,2026-02-18,2026-03-03,500,500,22.74,Road Logistics,0.002,Delivered
PO-11308,PRT-0004,SUP-ELE-03,2025-11-19,2025-12-19,2025-12-31,1500,1500,4.15,Road Logistics,0.0055,Delivered
PO-11309,PRT-0043,SUP-ELE-01,2025-05-30,2025-08-03,2025-08-03,2500,2500,4.11,Ocean Freight,0.0022,Delivered
PO-11310,PRT-0009,SUP-OPT-03,2025-09-16,2025-10-07,2025-10-02,250,250,3.84,Road Logistics,0.0115,Delivered
PO-11311,PRT-0009,SUP-OPT-03,2025-11-12,2025-12-03,2025-12-03,500,500,3.83,Road Logistics,0.0005,Delivered
PO-11312,PRT-0048,SUP-MEC-03,2025-02-27,2025-03-27,2025-03-19,5000,5000,1.42,Road Logistics,0.0329,Delivered
PO-11313,PRT-0010,SUP-ELE-04,2025-12-04,2026-02-02,2026-02-13,1500,1500,3.02,Ocean Freight,0.0617,Delivered
PO-11314,PRT-0045,SUP-FAS-01,2025-05-01,2025-05-15,2025-05-19,6000,6000,0.86,Road Logistics,0.0013,Delivered
PO-11315,PRT-0003,SUP-ELE-02,2025-06-25,2025-08-09,2025-08-14,500,429,18.82,Ocean Freight,0.0105,Delivered
PO-11316,PRT-0032,SUP-ELE-01,2026-01-21,2026-03-27,2026-03-27,1800,1800,10.21,Ocean Freight,0.0301,Delivered
PO-11317,PRT-0029,SUP-MEC-01,2026-01-07,2026-02-11,2026-02-13,225,225,16.73,Road Logistics,0.0094,Delivered
PO-11318,PRT-0023,SUP-OPT-03,2025-01-28,2025-02-18,2025-02-25,500,500,7.96,Road Logistics,0.0033,Delivered
PO-11319,PRT-0011,SUP-MEC-03,2025-08-26,2025-09-23,2025-09-18,750,750,11.23,Road Logistics,0.0339,Delivered
PO-11320,PRT-0049,SUP-FAS-01,2026-04-18,2026-05-02,2026-05-02,1500,1500,6.64,Road Logistics,0.0129,Delivered
PO-11321,PRT-0025,SUP-OPT-02,2025-08-31,2025-10-05,2025-10-07,800,800,4.98,Ocean Freight,0.001,Delivered
PO-11322,PRT-0001,SUP-MEC-01,2025-05-28,2025-07-02,2025-07-05,600,600,24.22,Road Logistics,0.0056,Delivered
PO-11323,PRT-0034,SUP-MEC-01,2025-12-16,2026-01-20,2026-01-14,200,200,13.71,Road Logistics,0.005,Delivered
PO-11324,PRT-0023,SUP-OPT-03,2026-03-09,2026-03-30,2026-03-27,750,750,8.35,Road Logistics,0.0024,Delivered
PO-11325,PRT-0018,SUP-FAS-01,2025-06-21,2025-07-05,2025-07-03,3000,3000,1.07,Road Logistics,0.0002,Delivered
PO-11326,PRT-0042,SUP-FAS-01,2025-10-27,2025-11-10,2025-11-07,12000,12000,0.56,Road Logistics,0.0007,Delivered
PO-11327,PRT-0016,SUP-ELE-03,2026-01-11,2026-02-10,2026-02-21,12500,12500,0.65,Road Logistics,0.019,Delivered
PO-11328,PRT-0044,SUP-MEC-04,2025-12-20,2026-01-31,2026-02-02,375,375,3.08,Ocean Freight,0.0178,Delivered
PO-11329,PRT-0001,SUP-MEC-01,2026-03-02,2026-04-06,2026-04-11,200,200,23.74,Road Logistics,0.0282,Delivered
PO-11330,PRT-0007,SUP-FAS-01,2025-12-17,2025-12-31,2025-12-28,4500,4500,1.28,Road Logistics,0.0021,Delivered
PO-11331,PRT-0017,SUP-FAS-01,2025-04-09,2025-04-23,2025-04-20,3000,3000,0.44,Road Logistics,0.0138,Delivered
PO-11332,PRT-0039,SUP-ELE-03,2025-12-03,2026-01-02,2026-01-15,375,359,23.03,Road Logistics,0.02,Delivered
PO-11333,PRT-0008,SUP-FAS-01,2025-02-14,2025-02-28,2025-02-23,10000,10000,1.63,Road Logistics,0.013,Delivered
PO-11334,PRT-0042,SUP-FAS-01,2025-10-17,2025-10-31,2025-10-29,6000,5770,0.54,Road Logistics,0.0009,Delivered
PO-11335,PRT-0030,SUP-ELE-02,2025-12-05,2026-01-19,2026-01-12,400,400,15.85,Ocean Freight,0.0048,Delivered
PO-11336,PRT-0018,SUP-FAS-01,2026-01-29,2026-02-12,2026-02-17,4500,4500,1.12,Road Logistics,0.0001,Delivered
PO-11337,PRT-0050,SUP-OPT-01,2025-06-15,2025-07-25,2025-07-21,500,500,6.96,Ocean Freight,0.0004,Delivered
PO-11338,PRT-0050,SUP-OPT-01,2025-02-01,2025-03-13,2025-03-09,750,750,7.56,Ocean Freight,0.0075,Delivered
PO-11339,PRT-0017,SUP-FAS-01,2026-02-21,2026-03-07,2026-03-09,6000,6000,0.43,Road Logistics,0.0075,Delivered
PO-11340,PRT-0013,SUP-ELE-03,2025-11-09,2025-12-09,2025-12-28,1800,1800,8.44,Road Logistics,0.0001,Delivered
PO-11341,PRT-0010,SUP-ELE-04,2025-10-04,2025-12-03,2025-12-18,1500,1500,3.16,Ocean Freight,0.0407,Delivered
PO-11342,PRT-0046,SUP-OPT-03,2025-05-13,2025-06-03,2025-05-26,350,350,5.7,Road Logistics,0.024,Delivered
PO-11343,PRT-0047,SUP-ELE-03,2025-05-09,2025-06-08,2025-06-15,1500,1500,7.64,Road Logistics,0.0047,Delivered
PO-11344,PRT-0042,SUP-FAS-01,2025-11-24,2025-12-08,2025-12-06,4000,3839,0.54,Road Logistics,0.0153,Delivered
PO-11345,PRT-0045,SUP-FAS-01,2025-06-18,2025-07-02,2025-06-29,6000,6000,0.86,Road Logistics,0.0171,Delivered
PO-11346,PRT-0050,SUP-OPT-01,2025-09-09,2025-10-19,2025-10-23,750,750,7.46,Ocean Freight,0.0024,Delivered
PO-11347,PRT-0050,SUP-OPT-01,2026-02-20,2026-04-01,2026-04-04,250,250,6.91,Ocean Freight,0.0068,Delivered
PO-11348,PRT-0045,SUP-FAS-01,2026-02-23,2026-03-09,2026-03-06,6000,6000,0.86,Road Logistics,0.001,Delivered
PO-11349,PRT-0023,SUP-OPT-03,2025-06-20,2025-07-11,2025-07-07,500,500,8.34,Road Logistics,0.003,Delivered
PO-11350,PRT-0042,SUP-FAS-01,2025-02-16,2025-03-02,2025-03-02,8000,8000,0.58,Road Logistics,0.0003,Delivered
PO-11351,PRT-0006,SUP-OPT-01,2026-03-07,2026-04-16,2026-04-14,1200,1200,5.32,Ocean Freight,0.0033,Delivered
PO-11352,PRT-0013,SUP-ELE-03,2025-04-01,2025-05-01,2025-05-07,3000,3000,8.35,Road Logistics,0.0034,Delivered
PO-11353,PRT-0013,SUP-ELE-03,2025-06-03,2025-07-03,2025-06-29,1800,1724,8.34,Road Logistics,0.0015,Delivered
PO-11354,PRT-0006,SUP-OPT-01,2026-03-30,2026-05-09,2026-05-13,1200,1200,5.25,Ocean Freight,0.011,Delivered
PO-11355,PRT-0013,SUP-ELE-03,2025-01-13,2025-02-12,2025-02-15,3000,3000,8.36,Road Logistics,0.007,Delivered
PO-11356,PRT-0035,SUP-ELE-04,2025-11-26,2026-01-25,2026-02-15,1000,1000,5.44,Ocean Freight,0.0201,Delivered
PO-11357,PRT-0002,SUP-MEC-03,2025-01-19,2025-02-16,2025-02-18,600,600,8.04,Road Logistics,0.052,Delivered
PO-11358,PRT-0003,SUP-ELE-02,2025-07-27,2025-09-10,2025-08-30,500,500,18.54,Ocean Freight,0.0173,Delivered
PO-11359,PRT-0034,SUP-MEC-01,2025-08-23,2025-09-27,2025-10-02,1000,1000,13.77,Road Logistics,0.0101,Delivered
PO-11360,PRT-0005,SUP-ELE-01,2025-01-19,2025-03-25,2025-03-15,1500,1500,12.02,Ocean Freight,0.0034,Delivered
PO-11361,PRT-0040,SUP-MEC-03,2025-01-24,2025-02-21,2025-02-27,300,300,15.45,Road Logistics,0.0015,Delivered
PO-11362,PRT-0012,SUP-MEC-03,2025-11-20,2025-12-18,2025-12-15,300,290,5.43,Road Logistics,0.0065,Delivered
PO-11363,PRT-0040,SUP-MEC-03,2025-03-29,2025-04-26,2025-04-26,1000,1000,16.43,Road Logistics,0.0077,Delivered
PO-11364,PRT-0008,SUP-FAS-01,2025-09-12,2025-09-26,2025-09-26,10000,10000,1.57,Road Logistics,0.007,Delivered
PO-11365,PRT-0013,SUP-ELE-03,2025-08-07,2025-09-06,2025-09-18,1200,1200,8.81,Road Logistics,0.0035,Delivered
PO-11366,PRT-0044,SUP-MEC-04,2025-07-25,2025-09-05,2025-09-01,500,500,3.27,Ocean Freight,0.0327,Delivered
PO-11367,PRT-0035,SUP-ELE-04,2025-03-12,2025-05-11,2025-05-29,1000,1000,5.36,Ocean Freight,0.0955,Delivered
PO-11368,PRT-0038,SUP-MEC-03,2025-03-30,2025-04-27,2025-05-04,800,800,9.26,Road Logistics,0.0069,Delivered
PO-11369,PRT-0049,SUP-FAS-01,2025-08-01,2025-08-15,2025-08-19,450,450,6.56,Road Logistics,0.0182,Delivered
PO-11370,PRT-0029,SUP-MEC-01,2025-05-05,2025-06-09,2025-06-16,750,750,15.79,Road Logistics,0.0058,Delivered
PO-11371,PRT-0041,SUP-OPT-02,2025-11-10,2025-12-15,2025-12-21,900,900,4.71,Ocean Freight,0.0051,Delivered
PO-11372,PRT-0032,SUP-ELE-01,2025-02-11,2025-04-17,2025-04-12,600,600,10.85,Ocean Freight,0.0007,Delivered
PO-11373,PRT-0046,SUP-OPT-03,2025-11-30,2025-12-21,2025-12-26,1750,1653,6.09,Road Logistics,0.0008,Delivered
PO-11374,PRT-0050,SUP-OPT-01,2025-09-01,2025-10-11,2025-10-10,375,375,7.33,Ocean Freight,0.0156,Delivered
PO-11375,PRT-0034,SUP-MEC-01,2025-08-19,2025-09-23,2025-09-24,600,600,13.27,Road Logistics,0.0059,Delivered
PO-11376,PRT-0045,SUP-FAS-01,2025-01-20,2025-02-03,2025-02-02,10000,10000,0.85,Road Logistics,0.0178,Delivered
PO-11377,PRT-0006,SUP-OPT-01,2025-11-18,2025-12-28,2025-12-22,800,800,5.19,Ocean Freight,0.0072,Delivered
PO-11378,PRT-0016,SUP-ELE-03,2025-04-09,2025-05-09,2025-05-26,2500,2244,0.66,Road Logistics,0.0072,Delivered
PO-11379,PRT-0049,SUP-FAS-01,2025-10-04,2025-10-18,2025-10-14,1500,1500,6.69,Road Logistics,0.0016,Delivered
PO-11380,PRT-0043,SUP-ELE-01,2025-04-17,2025-06-21,2025-07-03,1000,1000,3.98,Ocean Freight,0.0206,Delivered
PO-11381,PRT-0010,SUP-ELE-04,2025-12-17,2026-02-15,2026-03-01,1500,1500,3.02,Ocean Freight,0.0375,Delivered
PO-11382,PRT-0004,SUP-ELE-03,2025-11-27,2025-12-27,2026-01-05,1000,1000,4.1,Road Logistics,0.0029,Delivered
PO-11383,PRT-0022,SUP-ELE-01,2025-11-12,2026-01-16,2026-02-04,1500,1500,17.35,Ocean Freight,0.0005,Delivered
PO-11384,PRT-0012,SUP-MEC-03,2025-03-22,2025-04-19,2025-04-08,300,300,5.43,Road Logistics,0.0441,Delivered
PO-11385,PRT-0016,SUP-ELE-03,2026-01-05,2026-02-04,2026-02-13,7500,7500,0.64,Road Logistics,0.0064,Delivered
PO-11386,PRT-0013,SUP-ELE-03,2026-01-18,2026-02-17,2026-02-15,1200,1200,8.15,Road Logistics,0.0037,Delivered
PO-11387,PRT-0015,SUP-OPT-02,2025-02-20,2025-03-27,2025-03-26,750,750,4.46,Ocean Freight,0.0064,Delivered
PO-11388,PRT-0025,SUP-OPT-02,2026-04-02,2026-05-07,2026-05-08,600,600,4.86,Ocean Freight,0.0053,Delivered
PO-11389,PRT-0004,SUP-ELE-03,2026-04-01,2026-05-01,2026-05-12,1500,1500,4.28,Road Logistics,0.0043,Delivered
PO-11390,PRT-0030,SUP-ELE-02,2025-04-02,2025-05-17,2025-05-30,1200,1200,15.22,Air Expedited,0.0005,Delivered
PO-11391,PRT-0023,SUP-OPT-03,2025-05-19,2025-06-09,2025-06-09,375,375,7.9,Road Logistics,0.001,Delivered
PO-11392,PRT-0037,SUP-OPT-01,2025-01-31,2025-03-12,2025-03-11,600,600,7.05,Ocean Freight,0.0052,Delivered
PO-11393,PRT-0030,SUP-ELE-02,2025-08-03,2025-09-17,2025-09-16,600,600,14.89,Ocean Freight,0.0019,Delivered
PO-11394,PRT-0019,SUP-MEC-03,2025-11-06,2025-12-04,2025-12-10,225,225,33.37,Road Logistics,0.013,Delivered
PO-11395,PRT-0040,SUP-MEC-03,2026-04-09,2026-05-07,2026-05-09,300,300,16.05,Road Logistics,0.0126,Delivered
PO-11396,PRT-0015,SUP-OPT-02,2025-02-14,2025-03-21,2025-03-22,1500,1500,4.32,Ocean Freight,0.0056,Delivered
PO-11397,PRT-0014,SUP-ELE-01,2025-10-30,2026-01-03,2026-01-16,2400,2400,6.7,Ocean Freight,0.0031,Delivered
PO-11398,PRT-0048,SUP-MEC-03,2026-03-23,2026-04-20,2026-04-18,1500,1500,1.4,Road Logistics,0.0247,Delivered
PO-11399,PRT-0015,SUP-OPT-02,2026-04-02,2026-05-07,2026-05-10,2500,2437,4.48,Ocean Freight,0.0016,Delivered
PO-11400,PRT-0027,SUP-MEC-04,2025-01-23,2025-03-06,2025-03-11,150,131,19.5,Ocean Freight,0.0216,Delivered
